Material Name,Rev2024,Rev2025,Growth,Category
ACOBMIN INJ. IV/IM CP (AFG) 1X10'S,21595.0,0.0,-100.0,Export
ACOBMIN TAB. CP 30'S (AFG) 1X30'S,0.0,0.0,0.0,Export
ACTIFLOR SAC. 250MG CP (AFG) 1X10'S,15188.75,25584.26,68.44216936877622,Export
ACTIFLOR SAC. 250MG CP (MMR) 1X10'S,0.0,755.2,75520.0,Export
ACTIFLOR SAC. 250MG CP 1X10'S,53208756.03,51170057.31,-3.8315098343034855,Pharma
ACTNISE CRM. 50GM CP 1X1'S,24049801.279999997,42724182.809999995,77.6487976452835,Herbal
AD FOLIC OD TAB. 600MCG CP (AFG) 3X10’S,0.0,0.0,0.0,Export
AD FOLIC OD TAB. 600MCG CP 3X10'S,121846064.75,162801033.22,33.61205678166967,Nutraceutical
AD FOLIC TAB. CP  (UZB) 3X10’S,0.0,0.0,0.0,Export
AD FOLIC TAB. CP 30'S (AFG) 3X10’S,1318.08,0.0,-100.0,Export
AD FOLIC TAB. CP 3X10'S,77529737.48,103558553.78,33.572687263018956,Nutraceutical
AD-D CHEWABLE TAB. 10000IU CP (AFG) 8'S,0.0,0.0,0.0,Export
AD-D CHEWABLE TAB. 10000IU CP 1X8'S,2389253.36,2867183.37,20.003320618956888,Nutraceutical
AD-D CHEWABLE TAB. 2000IU CP (AFG) 1X30’,0.0,0.0,0.0,Export
AD-D CHEWABLE TAB. 2000IU CP 1X30'S,4517883.76,4996100.16,10.584964673814458,Nutraceutical
AGOVIZ TAB. 25MG CP 2X7'S,39222500.58,39702567.01,1.2239567159182887,Pharma
AIRCARE DPI DEVICE CP 1X1'S,4343439.02,0.0,-100.0,Medical Device
AIRCARE PLUS DPI DEVICE CP (AFG) 1'S,0.0,0.0,0.0,Export
AIRCARE PLUS DPI DEVICE CP 1X1'S,5619561.94,11085411.25,97.26468661363307,Medical Device
AIREEZ SAC. 4MG CP (AFG) 1X14'S,6697.8,0.0,-100.0,Export
AIREEZ SAC. 4MG CP (CMB),0.0,0.0,0.0,Export
AIREEZ SAC. 4MG CP (VNM),263.52000000000004,0.0,-100.0,Export
AIREEZ SAC. 4MG CP 1X14'S,15200002.48,17201670.65,13.168867390868991,Pharma
AIREEZ TAB. 10MG CP (AFG) 3X10'S,0.0,0.0,0.0,Export
AIREEZ TAB. 10MG CP (IQ) 30'S,0.0,0.0,0.0,Export
AIREEZ TAB. 10MG CP (KEN),0.0,0.0,0.0,Export
AIREEZ TAB. 10MG CP (MDV) 30'S,0.0,712.5,71250.0,Export
AIREEZ TAB. 10MG CP 3X10'S,77864157.51,135799375.65,74.40550311298166,Pharma
AIREEZ TAB. 5MG CP (KEN),0.0,0.0,0.0,Export
AIREEZ TAB. 5MG CP 3X10'S,4515231.51,7956561.8,76.21603194384157,Pharma
AIREEZ TAB.10MG CP PUNJAB GREEN 3X10'S,0.0,213267.08000000002,21326708.0,Pharma
ANEX TAB. 550MG CP (GTM) 1X2'S,0.0,0.0,0.0,Export
ANEX TAB. 550MG CP (GTM) 3X10'S,4605.36,0.0,-100.0,Export
ANEX-M TAB. 85/500MG CP (AFG) 1X2'S,0.0,29439.629999999997,2943962.9999999995,Export
ANEX-M TAB. 85/500MG CP 1X2'S,7288693.5,10441617.809999999,43.25774310581174,Pharma
ANPLAG TAB. 60MG CP 2X7'S,11832197.69,16685367.889999999,41.016642276875274,Pharma
ANPLAG TAB. 90MG 100X10'S RIC INST.GREEN,0.0,0.0,0.0,Pharma
ANPLAG TAB. 90MG CP (GTM) 2'S,0.0,0.0,0.0,Export
ANPLAG TAB. 90MG CP (GTM) 30'S,0.0,0.0,0.0,Export
ANPLAG TAB. 90MG CP (IQ) 30'S,0.0,0.0,0.0,Export
ANPLAG TAB. 90MG CP (SLK) 3X10'S,0.0,14543.36,1454336.0,Export
ANPLAG TAB. 90MG CP 2X10'S,26402491.72,33348935.98,26.309805656479163,Pharma
APREP CAP. 125MG CP 1'S,0.0,0.0,0.0,Pharma
APREP CAP. 80MG CP 1X2'S,117600.0,0.0,-100.0,Pharma
APREP CAP. 80MG/125MG CP COMBO PACK,0.0,0.0,0.0,Pharma
ARBI TAB. 150MG CP (CMB),0.0,0.0,0.0,Export
ARBI TAB. 150MG CP (GTM) 1X2'S,0.0,0.0,0.0,Export
ARBI TAB. 150MG CP (GTM) 3X10'S,1997.16,0.0,-100.0,Export
ARBI TAB. 150MG CP (IQ) 30'S,0.0,0.0,0.0,Export
ARBI TAB. 150MG CP (SLK) 1X10'S,0.0,75.60000000000001,7560.000000000001,Export
ARBI TAB. 150MG CP 1X10'S,26636865.150000002,27571158.200000003,3.507518789237106,Pharma
ARBI TAB. 150MG CP SPC (SLK) 1X10'S,0.0,0.0,0.0,Export
ARBI TAB. 150MG PS (SLK) 4'S,0.0,0.0,0.0,Export
ARBI TAB. 300MG CP (CMB),0.0,0.0,0.0,Export
ARBI TAB. 300MG CP (GTM) 1X2'S,0.0,0.0,0.0,Export
ARBI TAB. 300MG CP (GTM) 3X10'S,1936.44,0.0,-100.0,Export
ARBI TAB. 300MG CP (IQ) 30'S,0.0,0.0,0.0,Export
ARBI TAB. 300MG CP (SLK),735.69,0.0,-100.0,Export
ARBI TAB. 300MG CP 1X10'S,16210289.42,16710256.36,3.084256715263505,Pharma
ARBI TAB. 300MG PS (SLK) 4'S,0.0,0.0,0.0,Export
ARBI-A TAB. 100/10MG CP 1X10'S,4502763.78,3701752.52,-17.789324493500306,Pharma
ARBI-A TAB. 100/5MG CP 1X10'S,6101318.13,8850505.96,45.05891630994172,Pharma
ARBI-D TAB. 150/12.5MG CP (IQ) 30'S,1225.98,0.0,-100.0,Export
ARBI-D TAB. 150/12.5MG CP 1X10'S,41668611.71,48136090.46,15.521224453100455,Pharma
ARBI-D TAB. 150MG/12.5MG CP (GTM) 1X2'S,0.0,0.0,0.0,Export
ARBI-D TAB. 150MG/12.5MG CP (GTM) 3X10'S,0.0,2331.79,233179.0,Export
ARBI-D TAB. 300/12.5MG CP (GTM) 1X2'S,0.0,0.0,0.0,Export
ARBI-D TAB. 300/12.5MG CP (GTM) 30'S,0.0,0.0,0.0,Export
ARBI-D TAB. 300/12.5MG CP (IQ) 30'S,0.0,0.0,0.0,Export
ARBI-D TAB. 300/12.5MG CP 1X10'S,35330909.98,39224711.42,11.02094863167746,Pharma
ARBI-D TAB. 300/25MG CP (IQ) 28'S,0.0,0.0,0.0,Export
ARBI-D TAB. 300/25MG CP 2X7'S,7775723.67,7967297.220000001,2.463739172459568,Pharma
AVSAR PLUS 160/10/12.5MG CP (BDI) 4X7'S,0.0,0.0,0.0,Export
AVSAR PLUS 160/5/12.5MG CP (BDI) 4X7'S,0.0,0.0,0.0,Export
AVSAR PLUS TAB 160/10/12.5MG CP (GHN) 28,0.0,0.0,0.0,Export
AVSAR PLUS TAB 160/5/12.5MG CP (GHN) 28S,1631.85,0.0,-100.0,Export
AVSAR PLUS TAB. 160/10/12.5MG CP (AFG),109031.87999999999,0.0,-100.0,Export
AVSAR PLUS TAB. 160/10/12.5MG CP (KEN),0.0,22.11,2211.0,Export
AVSAR PLUS TAB. 160/10/12.5MG CP 4X7'S,122271295.96000001,173135730.74,41.599652952594745,Pharma
AVSAR PLUS TAB. 160/10/12.5MG CP(ZM)28'S,0.0,0.0,0.0,Export
AVSAR PLUS TAB. 160/10/25MG CP (AFG),124070.76,87891.2,-29.160424261123246,Export
AVSAR PLUS TAB. 160/10/25MG CP (GHN)28'S,0.0,0.0,0.0,Export
AVSAR PLUS TAB. 160/10/25MG CP 4X7'S,37893415.29,49145487.89,29.694004918499395,Pharma
AVSAR PLUS TAB. 160/5/12.5MG CP (AFG),88920.48000000001,0.0,-100.0,Export
AVSAR PLUS TAB. 160/5/12.5MG CP (KEN),0.0,0.0,0.0,Export
AVSAR PLUS TAB. 160/5/12.5MG CP 4X7'S,110987294.24,171494610.70999998,54.51733631703678,Pharma
AVSAR PLUS TAB. 160/5/25MG CP (GHN) 28'S,1666.34,0.0,-100.0,Export
AVSAR PLUS TAB. 160/5/25MG CP 4X7'S,14393680.38,18394911.119999997,27.798524313209715,Pharma
AVSAR PLUS TAB. 320/10/25MG CP (GTM) 2'S,0.0,0.0,0.0,Export
AVSAR PLUS TAB. 320/10/25MG CP (GTM) 28S,0.0,0.0,0.0,Export
AVSAR PLUS TAB. 320/10/25MG CP 4X7'S,16377955.55,22002746.01,34.34366666112976,Pharma
AVSAR TAB. 160/10MG (SWL) CP 4X7'S,9024.99,0.0,-100.0,Export
AVSAR TAB. 160/10MG CP (AFG),0.0,232.56,23256.0,Export
AVSAR TAB. 160/10MG CP (GHN) 28'S,0.0,0.0,0.0,Export
AVSAR TAB. 160/10MG CP (KEN),0.0,0.0,0.0,Export
AVSAR TAB. 160/10MG CP (MDV) 14’S,0.0,570.0,57000.0,Export
AVSAR TAB. 160/10MG CP (NIG) 28'S,0.0,0.0,0.0,Export
AVSAR TAB. 160/10MG CP (PHL),0.0,0.0,0.0,Export
AVSAR TAB. 160/10MG CP 2X7'S,181844325.28,253959386.0,39.65758107048915,Pharma
AVSAR TAB. 160/5MG CP (AFG) 2X7'S,0.0,0.0,0.0,Export
AVSAR TAB. 160/5MG CP (CMB),0.0,0.0,0.0,Export
AVSAR TAB. 160/5MG CP (GHN) 28'S,0.0,0.0,0.0,Export
AVSAR TAB. 160/5MG CP (KEN),0.0,0.0,0.0,Export
AVSAR TAB. 160/5MG CP (SLK) 4X7'S,0.0,0.0,0.0,Export
AVSAR TAB. 160/5MG CP (SWL) 28'S,0.0,0.0,0.0,Export
AVSAR TAB. 160/5MG CP 2X7'S,141278657.09,214061367.64000002,51.51713078900134,Pharma
AVSAR TAB. 160/5MG PS (SLK) 4'S,0.0,0.0,0.0,Export
AVSAR TAB. 80/5MG CP (AFG) 2X7'S,0.0,0.0,0.0,Export
AVSAR TAB. 80/5MG CP (CMB),0.0,0.0,0.0,Export
AVSAR TAB. 80/5MG CP (PHL),0.0,0.0,0.0,Export
AVSAR TAB. 80/5MG CP (SLK) 4X7'S,0.0,5628.26,562826.0,Export
AVSAR TAB. 80/5MG CP (SWL) 4X7'S,7371.0,0.0,-100.0,Export
AVSAR TAB. 80/5MG CP 2X7'S,141844299.14,148144554.84,4.441670012963779,Pharma
AVSAR TAB. 80/5MG INST. CP 7X152'S,0.0,0.0,0.0,Pharma
AVSAR TAB. 80/5MG PS (SLK) 4'S,0.0,0.0,0.0,Export
AXIFER INJ. 100MG/5ML CP 1X5'S,2223020.19,0.0,-100.0,Pharma
AZOBACT SUSP. 200MG 15ML CP (AFG),0.0,0.0,0.0,Export
AZOBACT TAB. 250MG CP (AFG) 2X6'S,16969.12,0.0,-100.0,Export
AZOBACT TAB. 500MG CP (AFG) 1X6'S,24971.85,31247.02,25.128975226104604,Export
BANDRIO TAB. 150MG CP (GTM) 1X1'S,0.0,1678.5,167850.0,Export
BEMPION EZ TAB. 180/10MG CP 1X10'S,0.0,4021544.25,402154425.0,Pharma
BEMPION TAB. 180MG CP 1X10'S,0.0,3659083.3,365908330.0,Pharma
BESTRIX INJ. 1000MG IV CP,0.0,0.0,0.0,Other
BESTRIX INJ. 1000MG IV PS,0.0,0.0,0.0,Other
BESTRIX INJ. 250MG IM CP,0.0,0.0,0.0,Other
BESTRIX INJ. 250MG IM PS,0.0,0.0,0.0,Other
BESTRIX INJ. 250MG IV CP,0.0,0.0,0.0,Other
BESTRIX INJ. 500MG IM CP,0.0,0.0,0.0,Other
BESTRIX INJ. 500MG IV CP,0.0,0.0,0.0,Other
BEVEC 100MG/4ML 1X1'S,0.0,0.0,0.0,Pharma
BEVEC 400MG/16ML 1X1'S,0.0,0.0,0.0,Pharma
BONGARD TAB. 70MG CP (KEN),1092.0,0.0,-100.0,Export
BONGARD TAB. 70MG CP (MDV),455.0,0.0,-100.0,Export
BONGARD TAB. 70MG CP (MMR),1267.8,0.0,-100.0,Export
BONGARD TAB. 70MG CP (SLK),0.0,0.0,0.0,Export
BONGARD TAB. 70MG PS (SLK),0.0,0.0,0.0,Export
BUSONIDE CAP. 200/6 MCG CP (AFG) 3X10'S,0.0,0.0,0.0,Export
BUSONIDE CAP. 200/6 MCG CP 3X10'S,14613276.28,16828769.31,15.160823538470728,Pharma
BUSONIDE CAP. 400/12 MCG CP (AFG) 30'S,0.0,0.0,0.0,Export
BUSONIDE CAP. 400/12 MCG CP 3X10'S,77814691.68,109771276.35000001,41.06754647492038,Pharma
BYVAS TAB 5MG CP (GTM) 1X2'S,0.0,0.0,0.0,Export
BYVAS TAB 5MG CP (GTM) 4X7'S,2677.2,0.0,-100.0,Export
BYVAS TAB. 10MG CP 2X7'S,16078678.38,19841851.95,23.404744351879987,Pharma
BYVAS TAB. 2.5MG CP (IQ) 4X7'S,0.0,0.0,0.0,Export
BYVAS TAB. 2.5MG CP 2X7'S,47917385.61,87899665.53,83.44002789596267,Pharma
BYVAS TAB. 5MG CP (IQ) 4X7'S,0.0,0.0,0.0,Export
BYVAS TAB. 5MG CP 2X7'S,88432338.77,126628924.31,43.19300616864146,Pharma
CEZOX CAP. 400MG CP,0.0,0.0,0.0,Other
CEZOX CAP. 400MG PS,0.0,0.0,0.0,Other
CEZOX DS SUSP. CP 30ML,0.0,0.0,0.0,Other
CEZOX DS SUSP. PS 15ML,0.0,0.0,0.0,Other
CEZOX SUSP. CP 30ML,0.0,0.0,0.0,Other
CEZOX SUSP. PS 15ML,0.0,0.0,0.0,Other
CIPROMAX TAB. 250MG CP (AFG),0.0,0.0,0.0,Export
CIPROMAX TAB. 500MG CP (AFG),0.0,0.0,0.0,Export
COLYSTYRENE SAC. 4G CP 1X25'S,0.0,0.0,0.0,Pharma
DAGIFLO TAB. 10MG CP (SLK) 2X7'S,0.0,169.0,16900.0,Export
DAGIFLO TAB. 10MG PS (SLK) 4'S,0.0,0.0,0.0,Export
DAGIFLO TAB. 5MG CP (SLK) 2X7'S,0.0,924.0,92400.0,Export
DAGIFLO TAB. 5MG PS (SLK) 4'S,0.0,0.0,0.0,Export
DAPWIZ PLUS XR TAB. 10/1000MG CP 2X7'S,5941455.88,7714459.36,29.841229419345627,Pharma
DAPWIZ PLUS XR TAB. 10/500MG CP 2X7'S,3797854.2600000002,6683598.76,75.9835502481867,Pharma
DAPWIZ PLUS XR TAB. 5/1000MG CP 2X7'S,3209853.0999999996,3586701.86,11.740374037677933,Pharma
DAPWIZ PLUS XR TAB. 5/500MG CP 2X7'S,7110187.35,11287492.190000001,58.7509812944662,Pharma
DAPWIZ TAB. 10MG CP (IQ) 2X14'S,912.6,0.0,-100.0,Export
DAPWIZ TAB. 10MG CP 1X10'S,46990251.25,57885122.37,23.185385968754524,Pharma
DAPWIZ TAB. 10MG CP DGDP 1X10'S,368319.72,1194167.3699999999,224.22031869485565,Pharma
DAPWIZ TAB. 5MG CP 1X10'S,17739662.39,19076212.18,7.534245920899958,Pharma
DAPWIZ TAB. 5MG CP MSDS INST. 100X10'S,0.0,0.0,0.0,Pharma
DEPLAT TAB. 75MG CP (KEN),0.0,0.0,0.0,Export
DIPOF CAP. 3/25MG CP 2X10'S,11555155.46,15010834.74,29.905952299494192,Pharma
DIPOF CAP. 6/25MG CP 2X10'S,8645708.91,8575661.48,-0.8101988018470044,Pharma
DIU TANSIN TAB 50/12.5MG INST RIC 1X10'S,0.0,0.0,0.0,Pharma
DIU TANSIN TAB. 50/12.5MG CP 1X10'S,16576559.73,20273947.18,22.304914350282978,Pharma
DIU TANSIN TAB. 50/12.5MG CP INST.1200'S,0.0,0.0,0.0,Pharma
DIU TANSIN TAB. 50/12.5MG CP MSDS 120X10,0.0,0.0,0.0,Pharma
DIU TANSIN TAB.50/12.5MGCPRICINST120X10S,0.0,0.0,0.0,Pharma
DUZALTA CAP. 20MG (SLK) 14'S,0.0,1644.9499999999998,164494.99999999997,Export
DUZALTA CAP. 20MG CP 2X7'S,48771274.91,60865456.79,24.797756265994654,Pharma
DUZALTA CAP. 30MG (SLK) 14'S,0.0,2151.6600000000003,215166.00000000003,Export
DUZALTA CAP. 30MG CP 2X7'S,77956355.83,94924661.33,21.766417015442475,Pharma
DUZALTA CAP. 30MG CP SPC (SLK) 2X7'S,0.0,0.0,0.0,Export
DUZALTA CAP. 60MG (SLK) 10'S,0.0,3357.88,335788.0,Export
DUZALTA CAP. 60MG CP 1X10'S,21269449.98,21815435.380000003,2.5669935071823713,Pharma
DUZALTA CAP. 60MG PS (SLK) 4'S,0.0,0.0,0.0,Export
EGLARO TAB. 15MG CP 2X7'S,2155155.16,1710918.5499999998,-20.612743724679216,Pharma
EGLARO TAB. 5MG CP 2X7'S,1306559.2799999998,1042188.8499999999,-20.23409377950306,Pharma
EGLARO-S TAB. 15/100MG CP 2X7'S,46950468.52,81702125.45,74.01769998354001,Pharma
EGLARO-S TAB. 5/100MG CP 2X7'S,16840950.03,25009551.31,48.50439711209093,Pharma
EMGLIN TAB. 10MG CP (MLI) 2X7'S,0.0,0.0,0.0,Export
EMGLIN TAB. 10MG CP (SLK) 2X7'S,1511.84,0.0,-100.0,Export
EMGLIN TAB. 10MG CP (SWL) 4X7'S,0.0,0.0,0.0,Export
EMGLIN TAB. 10MG CP (TJS) 14'S,0.0,235.44,23544.0,Export
EMGLIN TAB. 10MG CP (TJS) 4X7'S,0.0,0.0,0.0,Export
EMGLIN TAB. 10MG PS (SLK) 4'S,0.0,0.0,0.0,Export
EMGLIN TAB. 25MG CP (GTM) 1X2'S,0.0,0.0,0.0,Export
EMGLIN TAB. 25MG CP (GTM) 28'S,0.0,0.0,0.0,Export
EMGLIN TAB. 25MG CP (MLI) 2X7'S,0.0,1550.1299999999999,155013.0,Export
EMGLIN TAB. 25MG CP (SLK) 2X7'S,2017.4,0.0,-100.0,Export
EMGLIN TAB. 25MG CP (SWL) 4X7'S,8229.17,0.0,-100.0,Export
EMGLIN TAB. 25MG CP SPC (SLK) 2X7'S,0.0,0.0,0.0,Export
EMGLIN TAB. 25MG PS (SLK) 4'S,0.0,0.0,0.0,Export
EMPA Q TAB. 10MG CP (KEN) 20'S,0.0,0.0,0.0,Export
EMPA Q TAB. 25MG CP (KEN) 20'S,0.0,0.0,0.0,Export
EMPA-M TAB. 12.5/1000MG CP (KEN) 14'S,0.0,0.0,0.0,Export
EMPA-M TAB. 12.5/500MG CP (KEN) 14'S,0.0,20.400000000000002,2040.0000000000002,Export
EMPAFLOZIN TAB. 10MG CP (SN) 4X7'S,1455.0,3300.0,126.8041237113402,Export
EMPAFLOZIN TAB. 25MG CP (SN) 4X7'S,2548.0,2860.0,12.244897959183673,Export
ERLI PLUS TAB. 12.5/1000MG CP (IQ) 4X7'S,0.0,681.6,68160.0,Export
ERLI PLUS TAB. 12.5/1000MG CP 2X7'S,13138187.76,24092339.509999998,83.37642869856504,Pharma
ERLI PLUS TAB. 12.5/500MG CP 2X7'S,18928194.8,37964826.71,100.57288669704518,Pharma
ERLI PLUS TAB. 12.5/850MG CP (IQ) 4X7'S,0.0,0.0,0.0,Export
ERLI PLUS TAB. 12.5/850MG CP 2X7'S,11696525.39,17942122.61,53.39703041502993,Pharma
ERLI PLUS TAB. 5/1000MG CP (IQ) 4X7’S,0.0,0.0,0.0,Export
ERLI PLUS TAB. 5/1000MG CP 2X7'S,1325914.6300000001,2052333.36,54.78623687861411,Pharma
ERLI PLUS TAB. 5/500MG CP 2X7'S,3574019.1,8874908.54,148.31732264665288,Pharma
ERLI PLUS TAB. 5/850MG CP (IQ) 28'S,0.0,0.0,0.0,Export
ERLI PLUS TAB. 5/850MG CP 2X7'S,1002396.93,1765926.1099999999,76.17034301970575,Pharma
ERLI PLUS XR TAB 25/1000MG CP (IQ) 4X7'S,0.0,0.0,0.0,Export
ERLI PLUS XR TAB. 10/1000MG CP 2X7'S,15809869.66,19302199.07,22.089552191792077,Pharma
ERLI PLUS XR TAB. 12.5/1000MG CP (AFG),29.72,0.0,-100.0,Export
ERLI PLUS XR TAB. 12.5/1000MG CP (GTM),0.0,0.0,0.0,Export
ERLI PLUS XR TAB. 12.5/1000MG CP 2X7'S,60575478.38,66405666.32,9.62466677262747,Pharma
ERLI PLUS XR TAB. 12.5/1000MG CP(GTM)2'S,0.0,0.0,0.0,Export
ERLI PLUS XR TAB. 25/1000MG CP (AFG),39234.8,0.0,-100.0,Export
ERLI PLUS XR TAB. 25/1000MG CP 2X7'S,42084360.059999995,55849798.67,32.70915511219492,Pharma
ERLI PLUS XR TAB. 5/1000MG CP 2X7'S,7647315.5600000005,8093953.989999999,5.840460309185917,Pharma
ERLI PLUS XR TAB.12.5/1000MG CP (IQ)4X7S,0.0,0.0,0.0,Export
ERLI TAB. 10MG CP (AFG) 2X7'S,0.0,0.0,0.0,Export
ERLI TAB. 10MG CP (IQ) 4X7’S,1197.3,0.0,-100.0,Export
ERLI TAB. 10MG CP (KSV) 2X7'S,0.0,0.0,0.0,Export
ERLI TAB. 10MG CP 2X7'S,58184757.74,82692634.56,42.12078518830317,Pharma
ERLI TAB. 25MG CP (AFG) 2X7'S,0.0,0.0,0.0,Export
ERLI TAB. 25MG CP (IQ) 4X7'S,0.0,0.0,0.0,Export
ERLI TAB. 25MG CP (KSV) 2X7'S,0.0,0.0,0.0,Export
ERLI TAB. 25MG CP 2X7'S,47005647.480000004,70036821.99,48.99661156630022,Pharma
ERLINA PLUS XR TAB 5/2.5/1000MG CP 2X7'S,1436781.81,2964331.57,106.31744843707338,Pharma
ERLINA PLUS XR TAB. 10/5/1000MG CP 2X7'S,3884074.36,14844292.950000001,282.1835416662827,Pharma
ERLINA PLUS XR TAB. 12.5/2.5/1000MG CP,2182667.52,6283731.109999999,187.8922718380855,Pharma
ERLINA PLUS XR TAB. 25/5/1000MG CP 2X7'S,3706685.13,20393736.55,450.18799371286235,Pharma
ERLINA PLUS XR TAB25/5/1000MG CP(IQ)4X7,0.0,0.0,0.0,Export
ERLINA TAB. 10/5MG CP (IQ) 4X7’S,0.0,0.0,0.0,Export
ERLINA TAB. 10/5MG CP (SLK) 4X7'S,0.0,0.0,0.0,Export
ERLINA TAB. 10/5MG CP 2X7'S,49960685.64,66944344.93,33.99404766455483,Pharma
ERLINA TAB. 25/5MG CP (IQ) 4X7’S,0.0,0.0,0.0,Export
ERLINA TAB. 25/5MG CP 2X7'S,60086243.31,103645798.63,72.49505530786027,Pharma
ESTAR TAB. 10MG CP (AFG) 2X7'S,0.0,0.0,0.0,Export
ESTAR TAB. 10MG CP (CMB),0.0,0.0,0.0,Export
ESTAR TAB. 10MG CP (GTM) 2'S,0.0,0.0,0.0,Export
ESTAR TAB. 10MG CP (GTM) 28'S,0.0,0.0,0.0,Export
ESTAR TAB. 10MG CP (GTM) 98'S,3061.7999999999997,0.0,-100.0,Export
ESTAR TAB. 10MG CP (IQ) 4X7'S,0.0,0.0,0.0,Export
ESTAR TAB. 10MG CP (KEN) 10'S,0.0,132.16000000000003,13216.000000000002,Export
ESTAR TAB. 10MG CP (TJS) 14'S,0.0,0.0,0.0,Export
ESTAR TAB. 10MG CP 2X7'S,108442337.21000001,142018070.74,30.961831323295954,Pharma
ESTAR TAB. 10MG DGH PUNJ. INST. GR 2X7'S,0.0,0.0,0.0,Pharma
ESTAR TAB. 10MG INST. PIMH GR. 2X7'S,0.0,0.0,0.0,Pharma
ESTAR TAB. 20MG CP (AFG) 2X7'S,86182.48,76485.65000000001,-11.25150958756349,Export
ESTAR TAB. 20MG CP (GTM) 2'S,0.0,0.0,0.0,Export
ESTAR TAB. 20MG CP (GTM) 28'S,0.0,0.0,0.0,Export
ESTAR TAB. 20MG CP (IQ) 4X7'S,0.0,0.0,0.0,Export
ESTAR TAB. 20MG CP 2X7'S,32370866.59,44316037.63,36.90099246119689,Pharma
ESTAR TAB. 5MG CP (AFG) 2X7'S,0.0,0.0,0.0,Export
ESTAR TAB. 5MG CP (CMB),0.0,0.0,0.0,Export
ESTAR TAB. 5MG CP 2X7'S,69946291.95,98685676.74,41.08778891459162,Pharma
ESTOREX TAB. 10MG CP (AZN) 1X10'S,0.0,0.0,0.0,Export
EVO JOSHANDA SAC. CP 1X30'S,7142157.09,32698.16,-99.5421808903394,Herbal
EVOCHECK BPM68 BLOOD PRESSURE MONITOR,0.0,0.0,0.0,Medical Device
EVOCHECK GM700S BGM METER KIT,0.0,0.0,0.0,Medical Device
EVOCHECK GM700S BGM TEST STRIPS 2X25'S,2081925.0,5471287.5,162.79945242984257,Medical Device
EVOCHECK GO BGM METER KIT,0.0,968400.0,96840000.0,Medical Device
EVOCHECK GO BGM TEST STRIP 2X25'S,644072.0,161018.0,-75.0,Medical Device
EVOCHECK GO TEST STRIP (FOIL PAC)1X50'S,0.0,0.0,0.0,Medical Device
EVOCHECK INFRARED THERMOMETER,0.0,0.0,0.0,Medical Device
EVOCHECK INFRARED THERMOMETER (MDI901),0.0,0.0,0.0,Medical Device
EVOCHECK PREMIUM LINX CGM 1X1'S,0.0,0.0,0.0,Medical Device
EVOCHECK PULSE OXIMETER,0.0,0.0,0.0,Medical Device
EVOCHECK WEIGHING SCALE (BLACK),0.0,0.0,0.0,Medical Device
EVOCHECK WEIGHING SCALE (WHITE),0.0,0.0,0.0,Medical Device
EVOCIN TAB. 250MG CP 1X10'S,0.0,69160.0,6916000.0,Pharma
EVOCIN TAB. 250MG CP 6X10'S,449540.0,269360.0,-40.08097165991903,Pharma
EVOCIN TAB. 250MG PS,0.0,0.0,0.0,Pharma
EVOCIN TAB. 500MG CP 2X5'S,0.0,2920.0,292000.0,Pharma
EVOCIN TAB. 500MG CP 60S,888394.0,0.0,-100.0,Pharma
EVOCIN TAB. 500MG PS,0.0,0.0,0.0,Pharma
EVODOXIM SUSP. 40MG/5ML CP (VNM),0.0,0.0,0.0,Export
EVODOXIM SUSP. 40MG/5ML CP 1X50ML,116550.0,11900.0,-89.7897897897898,Pharma
EVODOXIM SUSP. 40MG/5ML PS 25ML,0.0,0.0,0.0,Pharma
EVODOXIM TAB. 100MG CP 1X10'S,0.0,0.0,0.0,Pharma
EVODOXIM TAB. 100MG PS,0.0,0.0,0.0,Pharma
EVOFIX CAP. 400MG CP (AFG) 2X5'S,28971.56,0.0,-100.0,Export
EVOFIX CAP. 400MG CP (CMB),0.0,0.0,0.0,Export
EVOFIX CAP. 400MG CP (GHN) 2X5'S,0.0,0.0,0.0,Export
EVOFIX CAP. 400MG CP (GTM) 1X1'S,224.95000000000002,0.0,-100.0,Export
EVOFIX CAP. 400MG CP (GTM) 1X5'S,0.0,0.0,0.0,Export
EVOFIX CAP. 400MG CP (GTM) 2X5'S,2911.65,0.0,-100.0,Export
EVOFIX CAP. 400MG CP (NIG) 2X5'S,0.0,0.0,0.0,Export
EVOFIX CAP. 400MG CP (QA) 10'S,0.0,0.0,0.0,Export
EVOFIX CAP. 400MG CP (SWL) 1X5'S,0.0,0.0,0.0,Export
EVOFIX CAP. 400MG CP 2X5'S,36271006.32,44082422.91,21.536255490360478,Pharma
EVOFIX DS SUSP. 200MG/5ML CP (AFG) 30ML,0.0,0.0,0.0,Export
EVOFIX DS SUSP. 200MG/5ML CP 1X30ML,7852186.7700000005,504303.37,-93.57754234875388,Pharma
EVOFIX SUSP. 100MG/5ML CP (AFG) 30ML,30097.079999999998,0.0,-100.0,Export
EVOFIX SUSP. 100MG/5ML CP (GTM) 1X30ML,0.0,0.0,0.0,Export
EVOFIX SUSP. 100MG/5ML CP (GTM) 60ML,0.0,0.0,0.0,Export
EVOFIX SUSP. 100MG/5ML CP (KEN) 1X60ML,177.29999999999998,0.0,-100.0,Export
EVOFIX SUSP. 100MG/5ML CP (NIG) 1X60ML,0.0,0.0,0.0,Export
EVOFIX SUSP. 100MG/5ML CP (PHL) 60ML,0.0,0.0,0.0,Export
EVOFIX SUSP. 100MG/5ML CP (SLK) 30ML,0.0,0.0,0.0,Export
EVOFIX SUSP. 100MG/5ML CP (SWL) 30ML,0.0,0.0,0.0,Export
EVOFIX SUSP. 100MG/5ML CP (TJS) 60ML,0.0,0.0,0.0,Export
EVOFIX SUSP. 100MG/5ML CP 1X30ML,10602110.09,442125.06,-95.82983900141711,Pharma
EVOFIX SUSP. 100MG/5ML CP 1X60ML,4241252.25,306774.86,-92.76688011188206,Pharma
EVOGAB CAP. 75MG (GHN) 28'S,0.0,0.0,0.0,Export
EVOKALM TAB. 100MG CP 1X10'S,29590808.94,41753148.71,41.10174816329303,Pharma
EVOKALM TAB. 100MG INST. PIMH GR. 1X10'S,0.0,0.0,0.0,Pharma
EVOKALM TAB. 200MG CP 1X10'S,4235620.76,5741324.7,35.5486013813947,Pharma
EVOKALM TAB. 25MG CP 1X10'S,22148481.85,29255019.73,32.085891611573366,Pharma
EVOKALM TAB. 25MG CP MSDS 100X10'S,0.0,0.0,0.0,Pharma
EVOKALM XR TAB. 200MG CP 1X10'S,8670423.709999999,10820375.28,24.79638414349188,Pharma
EVOKALM XR TAB. 300MG CP 2X5'S,10160674.08,11756589.53,15.706787142610516,Pharma
EVOPRIDE PLUS TAB. 1/500MG CP 3X10'S,35576146.38,40469947.82,13.755850304099173,Pharma
EVOPRIDE PLUS TAB. 2/500MG CP 3X10'S,124979838.59,164479745.82999998,31.605023406679678,Pharma
EVOPRIDE TAB. 1MG CP 3X10'S,10666487.59,10622461.67,-0.41274992942639266,Pharma
EVOPRIDE TAB. 1MG CP MSDS 180X10'S,0.0,0.0,0.0,Pharma
EVOPRIDE TAB. 2MG CP (VNM),0.0,0.0,0.0,Export
EVOPRIDE TAB. 2MG CP 3X10'S,51868615.92,54196478.0,4.487997296072824,Pharma
EVOPRIDE TAB. 2MG CP INST. 180X10'S,0.0,0.0,0.0,Pharma
EVOPRIDE TAB. 2MG CP MSDS 180X10'S,0.0,0.0,0.0,Pharma
EVOPRIDE TAB. 2MG CP PUNJAB INST. 3X10'S,0.0,32642.760000000002,3264276.0,Pharma
EVOPRIDE TAB. 2MG INST. CPEIC 180X10'S,0.0,0.0,0.0,Pharma
EVOPRIDE TAB. 2MG INST. RIC 3X10'S,0.0,0.0,0.0,Pharma
EVOPRIDE TAB. 3MG CP 3X10'S,25832545.01,27190936.240000002,5.258449097733713,Pharma
EVOPRIDE TAB. 3MG CP MSDS 180X10'S,0.0,0.0,0.0,Pharma
EVOPRIDE TAB. 3MG INST. DGDP CP,2330027.73,0.0,-100.0,Pharma
EVOPRIDE TAB. 4MG CP 3X10'S,67008470.29,61091021.620000005,-8.830896518589954,Pharma
EVOROX INJ. 750MG CP (AFG),0.0,0.0,0.0,Export
EVOROX INJ. 750MG CP (KEN) 1X1'S,0.0,0.0,0.0,Export
EVOROX SUSP. 125MG/5ML CP (AFG) 1X50ML,13836.3,25711.92,85.82944862427094,Export
EVOROX SUSP. 125MG/5ML CP (KEN),0.0,0.0,0.0,Export
EVOROX TAB. 250MG CP (AFG) 1X10'S,0.0,0.0,0.0,Export
EVOSART TAB. 20MG CP (SLK) 6X10'S,1117.04,4438.280000000001,297.3250734082934,Export
EVOSART TAB. 20MG PS (SLK) 4'S,0.0,0.0,0.0,Export
EVOSART TAB. 40MG CP (SLK) 6X10'S,1286.3,1012.6999999999999,-21.270310192023636,Export
EVOSART TAB. 40MG PS (SLK) 4'S,0.0,0.0,0.0,Export
EVOSART-D TAB. 40/12.50MG CP (SLK),0.0,0.0,0.0,Export
EVOSART-D TAB. 40/12.50MG PS (SLK) 4'S,0.0,0.0,0.0,Export
EVOTAXIME INJ. 1G CP (AFG),0.0,0.0,0.0,Export
EVOTAXIME INJ. 500MG CP (AFG),7794.15,0.0,-100.0,Export
EVOZID INJ. 1G CP (AFG),0.0,0.0,0.0,Export
EVOZID INJ. 1G CP (MDV),1628.9,0.0,-100.0,Export
EVOZID INJ. 500MG CP (AFG),0.0,0.0,0.0,Export
FASTESO TAB. 20MG CP (GTM) 2X7'S,786.01,0.0,-100.0,Export
FASTESO TAB. 20MG CP (IQ) 28'S,0.0,0.0,0.0,Export
FASTESO TAB. 20MG CP 2X7'S,5711033.35,7556054.33,32.30625469907299,Pharma
FASTESO TAB. 40MG CP (CMB),0.0,0.0,0.0,Export
FASTESO TAB. 40MG CP (GTM) 2X7'S,574.69,0.0,-100.0,Export
FASTESO TAB. 40MG CP (IQ) 28'S,0.0,0.0,0.0,Export
FASTESO TAB. 40MG CP (MDV),764.4,0.0,-100.0,Export
FASTESO TAB. 40MG CP 2X7'S,15985679.29,21820302.6,36.49906396939859,Pharma
FASTESO TABLET 40MG CP MSDS INST.152X7'S,0.0,0.0,0.0,Pharma
FEMOVA SAC. CP (QA) 1X10'S,0.0,0.0,0.0,Export
FEMOVA SAC. CP (TJS) 10'S,0.0,0.0,0.0,Export
FEMOVA SAC. CP (TJS) 1X30'S,0.0,8712.0,871200.0,Export
FEMOVA SAC. CP 1X10'S,100056134.00999999,137844979.06,37.767644556627836,Nutraceutical
FERFER GRO SAC. CP (QA) 30'S,0.0,0.0,0.0,Export
FERFER GRO SAC. CP (TJS) 30'S,0.0,0.0,0.0,Export
FERFER GRO SAC. CP (UZB) 1X30'S,1360.1,0.0,-100.0,Export
FERFER GRO SAC. CP 1X30'S,27363083.87,2042.3,-99.99253629448455,Nutraceutical
FERFER SAC. CP (AFG) 1X30’S,74902.15,0.0,-100.0,Export
FERFER SAC. CP (KEN) 1X30’S,0.0,0.0,0.0,Export
FERFER SAC. CP (QA) 30'S,3528.0,0.0,-100.0,Export
FERFER SAC. CP (TJS) 30'S,0.0,0.0,0.0,Export
FERFER SAC. CP (UZB) 1X30'S,991.8000000000001,0.0,-100.0,Export
FERFER SAC. CP 1X30'S,99902516.84,151466532.08,51.61433052040414,Nutraceutical
FINNO-Q SAC. 3G CP 1X10'S,15434782.24,34513507.68,123.60864664845441,Nutraceutical
FIXATON SUSP. 100MG/5ML CP (AZN) 1X30ML,0.0,0.0,0.0,Export
FLORACTIVA SAC. 250MG CP (GTM),3490.41,0.0,-100.0,Export
FLORACTIVA SAC. 250MG CP (GTM) 1X2'S,0.0,0.0,0.0,Export
FLOW-Q CAP 0.4MG CP (KEN) 10'S,781.6,749.6,-4.094165813715455,Export
FORSONIDE CAP. 50/250 MCG CP 3X10'S,0.0,3583625.61,358362561.0,Pharma
FORSONIDE CAP. 50/500 MCG CP 3X10'S,0.0,5140632.85,514063284.99999994,Pharma
FREEDEP TAB. 100MG CP 2X10'S,0.0,0.0,0.0,Pharma
FREEDEP TAB. 50MG CP,12480.0,60800.0,387.1794871794872,Pharma
FREEDEP TAB. 50MG PS 2'S,0.0,0.0,0.0,Pharma
GABIN TAB. 400MG CP (GTM) 1X2'S,0.0,0.0,0.0,Export
GABIN TAB. 400MG CP (GTM) 3X10'S,2405.7599999999998,3282.72,36.45251396648045,Export
GALVECTA PLUS TAB. 50/1000MG CP 2X7'S,18273677.32,16626447.26,-9.014223197413889,Pharma
GALVECTA PLUS TAB. 50/500MG CP 2X7'S,23417599.19,20237974.89,-13.577926046995428,Pharma
GALVECTA PLUS TAB. 50/850MG CP 2X7'S,35321410.39,32746723.84,-7.2893084437220885,Pharma
GALVECTA TAB. 50MG CP 1X10'S,7328318.31,6363271.5200000005,-13.168734615186212,Pharma
GOURIC TAB. 40MG CP (CMB) 2X10'S,0.0,0.0,0.0,Export
GOURIC TAB. 40MG CP (IQ) 3X10'S,0.0,0.0,0.0,Export
GOURIC TAB. 40MG CP (MMR),741.8100000000001,701.5200000000001,-5.431309904153349,Export
GOURIC TAB. 40MG CP (QA) 20'S,0.0,0.0,0.0,Export
GOURIC TAB. 40MG CP (SLK) 2X10'S,0.0,2430.12,243012.0,Export
GOURIC TAB. 40MG CP 2X10'S,187616942.46,232788005.08,24.076217226293668,Pharma
GOURIC TAB. 40MG CP INST. 100X10S,0.0,0.0,0.0,Pharma
GOURIC TAB. 40MG PS (SLK) 4'S,0.0,0.0,0.0,Export
GOURIC TAB. 80MG CP (IQ) 3X10'S,0.0,564.0,56400.0,Export
GOURIC TAB. 80MG CP (MMR),0.0,0.0,0.0,Export
GOURIC TAB. 80MG CP (QA) 20'S,0.0,0.0,0.0,Export
GOURIC TAB. 80MG CP 2X10'S,154460106.44,218096716.01,41.199382181391684,Pharma
HISTALIS TAB. 10MG CP 1X10'S,12273229.73,14785277.38,20.467698440123634,Pharma
HISTALIS TAB. 20MG CP 1X10'S,5512782.28,11612198.620000001,110.64134279578334,Pharma
IBANDRO TAB. 150MG CP,5974.62,0.0,-100.0,Pharma
IBANDRO TAB. 150MG CP (SLK),0.0,0.0,0.0,Export
INOSITA PLUS 50/500MG INST CPEIC 49X7'S,0.0,0.0,0.0,Pharma
INOSITA PLUS TAB 50/1000MG CP (MRT) 14'S,0.0,1527.31,152731.0,Export
INOSITA PLUS TAB 50/1000MG CP(SLK) 4X7'S,0.0,0.0,0.0,Export
INOSITA PLUS TAB.  50/1000MG CP (MMR),0.0,0.0,0.0,Export
INOSITA PLUS TAB.  50/500MG CP (IQ) 28'S,0.0,0.0,0.0,Export
INOSITA PLUS TAB.  50/500MG CP (MMR),0.0,0.0,0.0,Export
INOSITA PLUS TAB. 50/1000MG CP (CMB),0.0,0.0,0.0,Export
INOSITA PLUS TAB. 50/1000MG CP (CMR)14'S,0.0,0.0,0.0,Export
INOSITA PLUS TAB. 50/1000MG CP (GTM) 28S,2863.78,0.0,-100.0,Export
INOSITA PLUS TAB. 50/1000MG CP (IQ) 28'S,951.0,904.5,-4.889589905362776,Export
INOSITA PLUS TAB. 50/1000MG CP (KEN) 28',0.0,0.0,0.0,Export
INOSITA PLUS TAB. 50/1000MG CP 28S (AFG),0.0,0.0,0.0,Export
INOSITA PLUS TAB. 50/1000MG CP 4X7'S,147862031.28,206236272.57,39.478857949313024,Pharma
INOSITA PLUS TAB. 50/500MG CP (CMB),0.0,0.0,0.0,Export
INOSITA PLUS TAB. 50/500MG CP (CMR) 14'S,0.0,0.0,0.0,Export
INOSITA PLUS TAB. 50/500MG CP (GTM) 28'S,2679.02,2908.48,8.565072302558399,Export
INOSITA PLUS TAB. 50/500MG CP (KEN) 28'S,0.0,0.0,0.0,Export
INOSITA PLUS TAB. 50/500MG CP 28'S (AFG),176021.28,481.92,-99.72621492128678,Export
INOSITA PLUS TAB. 50/500MG CP 4X7'S,285379410.31,404187134.77,41.631498337929266,Pharma
INOSITA PLUS TAB. 50/850MG CP 28'S (AFG),89637.24,0.0,-100.0,Export
INOSITA PLUS TAB. 50/850MG CP 4X7'S,121304015.67,147442511.64000002,21.547923063905948,Pharma
INOSITA PLUS TAB. 50/850MG CP DGDP 4X7'S,0.0,485760.0,48576000.0,Pharma
INOSITA PLUS TAB.50/1000MG CP INST.7X49S,0.0,0.0,0.0,Pharma
INOSITA PLUS TAB.50/1000MG CP(GTM) 1X2'S,0.0,0.0,0.0,Export
INOSITA PLUS TAB.50/500MG CP (GTM) 1X2'S,0.0,0.0,0.0,Export
INOSITA PLUS TAB.50/500MG CP INST.7X49'S,0.0,0.0,0.0,Pharma
INOSITA PLUS XR TAB. 100/1000MG CP (AFG),103834.32,59774.38,-42.432925838008096,Export
INOSITA PLUS XR TAB. 100/1000MG CP 2X7'S,45822228.949999996,58323841.54,27.28285567173398,Pharma
INOSITA PLUS XR TAB. 50/1000MG CP (AFG),72708.0,0.0,-100.0,Export
INOSITA PLUS XR TAB. 50/1000MG CP (IQ),0.0,0.0,0.0,Export
INOSITA PLUS XR TAB. 50/1000MG CP (TJS),0.0,766.3000000000001,76630.0,Export
INOSITA PLUS XR TAB. 50/1000MG CP 2X7'S,50578053.98,70149743.86,38.69601208409325,Pharma
INOSITA PLUS XR TAB. 50/1000MG CP(GTM)2S,0.0,0.0,0.0,Export
INOSITA PLUS XR TAB. 50/500MG CP (TJS),0.0,630.96,63096.0,Export
INOSITA PLUS XR TAB. 50/500MG CP 2X7'S,94456414.64,108714780.49,15.09518004080786,Pharma
INOSITA PLUS XR TAB. 50/500MG CP(AFG)2X7,0.0,0.0,0.0,Export
INOSITA PLUS XR TAB.100/1000MG CP(GTM)2S,0.0,0.0,0.0,Export
INOSITA PLUS XR TAB.100/1000MG CP(IQ)4X7,0.0,0.0,0.0,Export
INOSITA PLUS XR TAB.100/1000MGCP(GTM)28S,0.0,0.0,0.0,Export
INOSITA PLUS XR TAB.50/1000MG CP(GTM)28S,4532.7699999999995,0.0,-100.0,Export
INOSITA TAB. 100MG CP (GTM) 1X2'S,0.0,0.0,0.0,Export
INOSITA TAB. 100MG CP (GTM) 3X10'S,4196.28,0.0,-100.0,Export
INOSITA TAB. 100MG CP (KEN) 28'S,4282.88,2955.45,-30.993863942020326,Export
INOSITA TAB. 100MG CP (MLI) 4X7'S,0.0,4077.45,407745.0,Export
INOSITA TAB. 100MG CP (MMR) 1X10'S,0.0,0.0,0.0,Export
INOSITA TAB. 100MG CP (SLK) 7X10'S,20179.73,4208.38,-79.14550888441025,Export
INOSITA TAB. 100MG CP 4X7'S,1720307.1199999999,1086102.23,-36.86579463787838,Pharma
INOSITA TAB. 100MG PS (SLK) 4'S,0.0,0.0,0.0,Export
INOSITA TAB. 25MG CP 1X10'S,2354365.73,3202613.08,36.02869933041372,Pharma
INOSITA TAB. 50MG CP (KEN) 28'S,3302.8799999999997,0.0,-100.0,Export
INOSITA TAB. 50MG CP (MMR),0.0,0.0,0.0,Export
INOSITA TAB. 50MG CP (SLK) 7X10'S,2446.7000000000003,0.0,-100.0,Export
INOSITA TAB. 50MG CP 4X7'S,81741688.76,87533563.03,7.085581858976993,Pharma
INOSITA TAB. 50MG CP SPC (SLK) 7X10'S,0.0,0.0,0.0,Export
INOSITA TAB. 50MG PS (SLK) 4'S,0.0,0.0,0.0,Export
INURIC-G TAB. 80MG CP (GTM) 1X2'S,0.0,0.0,0.0,Export
INURIC-G TAB. 80MG CP (GTM) 3X10'S,0.0,0.0,0.0,Export
IPRAZYME INH. SOL. 0.025% CP 5X2ML,0.0,11707983.29,1170798329.0,Pharma
IPRAZYME-S INH. SOL. 0.5/2.5MG CP 5X2ML,0.0,10245396.62,1024539661.9999999,Pharma
ITIPSO TAB. 50MG CP 1X10'S,13156891.36,24236642.63,84.21253141669173,Pharma
IVABRADINE TAB. 5MG CP SPC (SLK) 2X7'S,0.0,0.0,0.0,Export
IVADIN TAB. 5MG CP (IQ) 28'S,1787.24,0.0,-100.0,Export
IVADIN TAB. 5MG CP (SLK) 2X7'S,0.0,0.0,0.0,Export
IVADIN TAB. 5MG CP 14'S,15295937.89,1056961.47,-93.08992048999487,Pharma
IVADIN TAB. 7.5MG CP (IQ) 28'S,2689.2000000000003,0.0,-100.0,Export
IVADIN TAB. 7.5MG CP 14'S,4042077.4099999997,943135.62,-76.66705695277616,Pharma
K-1000 PLUS SAC. CP 1X10'S,0.0,22240617.97,2224061797.0,Nutraceutical
K-1000 TAB. CP (QA) 30'S,0.0,0.0,0.0,Export
K-1000 TAB. CP 1X30'S,107516407.92,130981012.96,21.824208503561017,Nutraceutical
KALSOB TAB. CP (AFG) 1X30’S,190408.5,49284.64,-74.11636560342632,Export
KALSOB TAB. CP (GTM) 1X2'S,0.0,0.0,0.0,Export
KALSOB TAB. CP (GTM) 1X30'S,0.0,0.0,0.0,Export
KALSOB TAB. CP (KEN) 1X30’S,0.0,0.0,0.0,Export
KALSOB TAB. CP 1X30'S,108646964.59,163527013.60999998,50.51227084631429,Nutraceutical
KLEVRA SOLN. 500MG/5ML CP (GTM) 30ML,0.0,0.0,0.0,Export
KLEVRA SOLN. 500MG/5ML CP (GTM) 60ML,0.0,0.0,0.0,Export
KLEVRA SOLN. 500MG/5ML CP 1X60ML,17543583.99,23468874.82,33.77468841815601,Pharma
KLEVRA TAB. 250MG CP 3X10'S,17202834.29,19368097.75,12.586666961377798,Pharma
KLEVRA TAB. 500MG CP (PHL) 10X10'S,0.0,0.0,0.0,Export
KLEVRA TAB. 500MG CP (PHL) 30'S,0.0,0.0,0.0,Export
KLEVRA TAB. 500MG CP (ZM) 30'S,0.0,0.0,0.0,Export
KLEVRA TAB. 500MG CP 3X10'S,4787820.42,2706617.08,-43.468700941795134,Pharma
KLEVRA XR TAB. 500MG CP (GTM) 2'S,0.0,0.0,0.0,Export
KLEVRA XR TAB. 500MG CP (GTM) 5X6'S,2592.0,0.0,-100.0,Export
KLEVRA XR TAB. 500MG CP 2X5'S,4243440.8,4306152.87,1.4778589582303185,Pharma
LEVE Q TAB. 250MG CP (KEN) 30'S,0.0,0.0,0.0,Export
LEVE Q TAB. 500MG CP (KEN) 30'S,0.0,0.0,0.0,Export
LINENTA TAB. 5MG CP (IQ) 30'S,0.0,0.0,0.0,Export
LOWPLAT PLUS TAB. 75/150MG CP (AFG),23854.500000000004,0.0,-100.0,Export
LOWPLAT PLUS TAB. 75/150MG CP 1X10'S,10697289.91,9198713.85,-14.008931912737143,Pharma
LOWPLAT PLUS TAB. 75/75MG CP (AFG) 1X10',0.0,12309.230000000001,1230923.0000000002,Export
LOWPLAT PLUS TAB. 75/75MG CP 1X10'S,67371553.17,89422306.62,32.730065454122595,Pharma
LOWPLAT PLUS TAB. 75/75MG CP DGDP 1X10'S,0.0,307522.5,30752250.0,Pharma
LOWPLAT PLUS TAB. 75MG CP (MMR),0.0,438.75,43875.0,Export
LOWPLAT PLUS TAB.75MG CP INST.63X10'S,0.0,0.0,0.0,Pharma
LOWPLAT PLUS TAB.75MG CP INST.72X10'S,0.0,0.0,0.0,Pharma
LOWPLAT PLUS TAB.75MG CP RIC INST63X10'S,0.0,0.0,0.0,Pharma
LOWPLAT TAB. 75MG CP (AFG) 1X10'S,0.0,0.0,0.0,Export
LOWPLAT TAB. 75MG CP (MMR),0.0,342.29999999999995,34229.99999999999,Export
LOWPLAT TAB. 75MG CP 1X10'S,60519886.38,64145422.64,5.9906527868137704,Pharma
LOWPLAT TAB. 75MG CP CPEIC INST.10X100'S,0.0,0.0,0.0,Pharma
LOWPLAT TAB. 75MG CP DGDP 1X10'S,914883.2,168704.0,-81.56005050699368,Pharma
LOWPLAT TAB. 75MG CP INST. 100X10'S,0.0,0.0,0.0,Pharma
LOWPLAT TAB. 75MG CP INST. 100X10'S PIC,0.0,0.0,0.0,Pharma
LOWPLAT TAB. 75MG CP WIC INST.100X10'S,0.0,0.0,0.0,Pharma
MALSAR TAB. 50MG CP (PHL) 100'S,0.0,0.0,0.0,Export
MC-510-E2-INFRARED THERMOMETER,0.0,0.0,0.0,Medical Device
MOKZIA TAB. 400MG CP (AFG) 1X5'S,27136.0,0.0,-100.0,Export
MOMIST NASAL SPRAY 50MCG CP 1X1'S,0.0,36491566.35,3649156635.0,Pharma
MONKAST SAC. 4MG CP (SN) 1X28'S,0.0,0.0,0.0,Export
MONKAST TAB. 10MG CP (SN) 3X10'S,0.0,0.0,0.0,Export
MONKAST TAB. 5MG CP (SN) 3X10'S,0.0,0.0,0.0,Export
NE-C801S-KDE(V) NEB-NE-C801KD,0.0,0.0,0.0,Medical Device
NE-C802-E (V) NEBULIZER COMP AIR BASIC,0.0,0.0,0.0,Medical Device
NE-C803-E COMPL.AIR BASIC COMPS NEBULIZR,0.0,0.0,0.0,Medical Device
NEO Q 10 CAP. 100MG CP 2X10’S,35008075.48,15402256.07,-56.003705262806406,Nutraceutical
NISE TAB. 100MG CP (AFG) 2X10'S,0.0,0.0,0.0,Export
NISE TAB. 100MG CP 2X10'S,59058072.56,81408647.72,37.84508059807226,Pharma
NUCARD TAB. 160MG CP (NIG)  4X7'S,143.56,0.0,-100.0,Export
NUCARD TAB. 80MG CP (NIG),242.48999999999998,0.0,-100.0,Export
NUVAL COMPOSITUM TAB.160/10MG CP (GTM),0.0,1584.24,158424.0,Export
NUVAL COMPOSITUMTAB.160/10MGCP(GTM)1X2'S,0.0,0.0,0.0,Export
OMRON BODY COMP MONITOR BF-508,0.0,0.0,0.0,Medical Device
OMRON ECO TEMP BASIC MC-246,0.0,0.0,0.0,Medical Device
OMRON EVOLV BPM HEM-7600T-E,0.0,0.0,0.0,Medical Device
OMRON M1 BASIC BPM HEM-7121,0.0,0.0,0.0,Medical Device
OMRON M1 LIMITED EDITION PACK (DH),0.0,0.0,0.0,Medical Device
OMRON M3 COMFORT BPM HEM-7155,0.0,0.0,0.0,Medical Device
OMRON M7 INTELLI IT BPM HEM-7361,0.0,0.0,0.0,Medical Device
OMRON NEBULIZER NE-C101-E ESSENTIAL,0.0,0.0,0.0,Medical Device
OMRON RS1 BPM HEM-6160,0.0,0.0,0.0,Medical Device
OMRON WEIGH SCALE HN-289 MIDNIGHT BLACK,0.0,0.0,0.0,Medical Device
ONITA SAC. 2G CP 1X7'S,65014561.97,17573153.95,-72.97043398045369,Pharma
"OPT-D CAP. 100,000IU CP 1X2'S",7522326.99,9316917.22,23.85684951459416,Nutraceutical
"OPT-D CAP. 200,000IU CP 1X1'S",68109391.94,123448535.13,81.25038502582761,Nutraceutical
"OPT-D CAP. 25,000IU CP 1X4'S",6296634.42,9376118.7,48.90682981718985,Nutraceutical
"OPT-D ORAL / IM INJ. 200,000 IU CP (AFG)",0.0,0.0,0.0,Export
"OPT-D ORAL / IM INJ. 200,000 IU CP 1X1'S",30832144.61,46439275.58,50.61967361471843,Pharma
ORSLIM CAP. 120MG CP (CMB),0.0,0.0,0.0,Export
ORSLIM CAP. 120MG CP (MMR),0.0,4890.0,489000.0,Export
ORSLIM CAP. 120MG CP (QA) 30'S,0.0,4365.0,436500.0,Export
ORSLIM CAP. 120MG CP (SLK) 3X10'S,8489.64,3153.62,-62.85331297911336,Export
ORSLIM CAP. 120MG CP (TJS) 30'S,0.0,0.0,0.0,Export
ORSLIM CAP. 120MG CP 3X10'S,15434796.540000001,33081020.42,114.32754448216396,Pharma
ORSLIM CAP. 120MG PS (SLK) 4'S,0.0,0.0,0.0,Export
OXABAN TAB. 10MG CP (SN) 2X10'S,0.0,2588.85,258885.0,Export
OXABAN TAB. 15MG CP (SN) 4X7'S,0.0,2928.0,292800.0,Export
OXABAN TAB. 20MG CP (SN) 4X7'S,0.0,6600.0,660000.0,Export
OXIVORT TAB. 10MG CP (IQ) 4X7'S,0.0,0.0,0.0,Export
OXIVORT TAB. 10MG CP 2X7'S,5383947.38,651085.8,-87.90690632641362,Pharma
OXIVORT TAB. 15MG CP (IQ) 4X7'S,0.0,0.0,0.0,Export
OXIVORT TAB. 20MG CP 2X7'S,1468364.61,11434.449999999999,-99.22127992447327,Pharma
OXIVORT TAB. 5MG CP (IQ) 4X7'S,0.0,0.0,0.0,Export
PARIDOPA TAB. 100/25/200MG CP 3X10'S,11146663.82,123580.66,-98.89132154700616,Pharma
PARIDOPA TAB. 125/31.25/200MG CP 3X10'S,25497.88,27970.2,9.696178662696662,Pharma
PARIDOPA TAB. 150/37.5/200MG CP 3X10'S,0.0,19220.6,1922059.9999999998,Pharma
PARIDOPA TAB. 200/50/200MG CP 3X10'S,32947.76,27604.88,-16.216216216216218,Pharma
PARIDOPA TAB. 50/12.5/200MG CP 3X10'S,9180501.42,10440808.91,13.728089919515533,Pharma
PARIDOPA TAB. 75/18.75/200MG CP 2X7'S,276953.95,197376.05,-28.73326052941293,Pharma
PEMBROLIZUMAB INJ. 100MG CP 1X1'S,0.0,0.0,0.0,Pharma
PERABACTUM INJ. 1G CP,0.0,0.0,0.0,Other
PERABACTUM INJ. 1G PS,0.0,19940.0,1994000.0,Other
PERABACTUM INJ. 2G CP,0.0,0.0,0.0,Other
PERABACTUM INJ. 2G PS,0.0,0.0,0.0,Other
PHYTUS SYP. CP 1X120ML,12811133.52,7207531.69,-43.74009388983403,Herbal
PREGAB-Q CAP 25MG CP (KEN) 20'S,0.0,0.0,0.0,Export
PREGAB-Q CAP 50MG CP (KEN) 20'S,0.0,0.0,0.0,Export
PREGAB-Q CAP 75MG CP (KEN) 20'S,0.0,0.0,0.0,Export
PRESUVAS TAB. 10MG CP (PHL) 100'S,0.0,0.0,0.0,Export
QSITA M TAB. 50/1000MG CP (KEN) 10'S,0.0,0.0,0.0,Export
QSITA M TAB. 50/500MG CP (KEN) 10'S,0.0,0.0,0.0,Export
QSITA TAB. 100MG CP (KEN) 14'S,1158.0,0.0,-100.0,Export
QSITA TAB. 50MG CP (KEN) 14'S,838.1,0.0,-100.0,Export
RAMIPACE TAB. 1.25MG CP (AFG) 2X14'S,39958.340000000004,5990.46,-85.00823607787511,Export
RAMIPACE TAB. 1.25MG CP 2X14'S,34442361.23,35240856.53,2.3183523762142615,Pharma
RAMIPACE TAB. 10MG CP (AFG) 2X14'S,201353.45,0.0,-100.0,Export
RAMIPACE TAB. 10MG CP 2X14'S,25056928.58,25905717.15,3.3874405926889564,Pharma
RAMIPACE TAB. 2.5MG CP (AFG) 2X14'S,31985.8,0.0,-100.0,Export
RAMIPACE TAB. 2.5MG CP 2X14'S,125365498.03999999,139763948.76,11.485178095336828,Pharma
RAMIPACE TAB. 2.5MG CP DGDP 2X14'S,506635.50000000006,1210299.15,138.8895270860411,Pharma
RAMIPACE TAB. 2.5MG CP MSDS 150X14'S,0.0,0.0,0.0,Pharma
RAMIPACE TAB. 5MG CP (AFG) 2X14'S,0.0,0.0,0.0,Export
RAMIPACE TAB. 5MG CP 2X14'S,102150168.13,110203374.27,7.883693475424533,Pharma
RAMIPACE TAB. 5MG CP MSDS 150X14'S,0.0,0.0,0.0,Pharma
RASTOR TAB. 10MG CP (GHN) 30'S,0.0,0.0,0.0,Export
RASTOR TAB. 20MG CP (GHN) 30'S,0.0,0.0,0.0,Export
REDEXA CAP. 30MG CP (AFG) 3X10'S,40811.04,12195.300000000001,-70.11764463733343,Export
REDEXA CAP. 30MG CP (TJS) 30'S,0.0,0.0,0.0,Export
REDEXA CAP. 30MG CP 3X10'S,15376533.77,10136310.49,-34.07935337301964,Pharma
REDEXA CAP. 60MG CP (AFG) 3X10'S,24796.82,0.0,-100.0,Export
REDEXA CAP. 60MG CP 3X10'S,26795432.73,17588802.4,-34.35895371710984,Pharma
REESTATIN TAB. 10MG CP (PHL) 10X10'S,0.0,0.0,0.0,Export
REKLAIM SAC. CP (QA) 30'S,0.0,0.0,0.0,Export
REKLAIM SAC. CP (TJS) 1X30’S,0.0,1239.3,123930.0,Export
REKLAIM SAC. CP (UZB) 30'S,0.0,704.85,70485.0,Export
RETZOLE TAB. 2.5MG CP 1X10'S,321846.92000000004,184817.1,-42.57608555023612,Pharma
REVOLIC TAB. CP 2X15'S,11668572.88,7779670.88,-33.328000261845226,Nutraceutical
RITUXIM INJ. 500MG/50ML 1X1'S,0.0,0.0,0.0,Pharma
RITUXIM INJ.100MG/10ML 1X2'S,0.0,0.0,0.0,Pharma
RIVA Q TAB. 10MG CP (KEN) 10'S,0.0,0.0,0.0,Export
RIVA Q TAB. 15MG CP (KEN) 10'S,0.0,0.0,0.0,Export
RIVA Q TAB. 20MG CP (KEN) 10'S,0.0,0.0,0.0,Export
ROSANOVA TAB. 10MG CP (KEN) 3X10’S,0.0,0.0,0.0,Export
ROSANOVA TAB. 20MG CP (KEN),0.0,0.0,0.0,Export
ROSU Q TAB. 10MG CP (KEN) 30'S,0.0,0.0,0.0,Export
ROSU Q TAB. 20MG CP (KEN) 30'S,0.0,0.0,0.0,Export
ROSU Q TAB. 5MG CP (KEN) 30'S,1184.3999999999999,0.0,-100.0,Export
ROSUNAV TAB. 10MG CP (PHL) 10X10'S,0.0,0.0,0.0,Export
ROSUVASTATIN TAB. 10MG CP (PHL) 10X10'S,0.0,0.0,0.0,Export
SACVIN TAB. 100MG CP (AFG) 30'S,0.0,186777.98,18677798.0,Export
SACVIN TAB. 100MG CP (SLK) 30'S,7813.4400000000005,12734.220000000001,62.97840643813737,Export
SACVIN TAB. 100MG CP 3X10'S,3676125.46,6528744.06,77.59851047085861,Pharma
SACVIN TAB. 100MG PS (SLK) 4'S,0.0,0.0,0.0,Export
SACVIN TAB. 200MG CP (SLK) 3X10'S,15345.4,11091.86,-27.71866487677088,Export
SACVIN TAB. 200MG CP 3X10'S,0.0,40400.0,4040000.0,Pharma
SACVIN TAB. 24/26MG CP (IQ) 3X10'S,0.0,0.0,0.0,Export
SACVIN TAB. 49/51MG CP (IQ) 3X10'S,4738.45,0.0,-100.0,Export
SACVIN TAB. 50MG CP (AFG) 3X10'S,0.0,0.0,0.0,Export
SACVIN TAB. 50MG CP (SLK) 3X10'S,515.0,0.0,-100.0,Export
SACVIN TAB. 50MG CP 3X10'S,91283511.18,38712878.27,-57.59050263342422,Pharma
SACVIN TAB. 50MG PS (SLK) 4'S,0.0,0.0,0.0,Export
SARTAPINE TAB. 160/10MG CP (SN) 4X7'S,0.0,1892.8,189280.0,Export
SARTAPINE TAB. 160/5MG CP (SN) 4X7'S,0.0,1783.6,178360.0,Export
SARTAPINE TAB. 80/5MG CP (SN) 4X7'S,1617.0,924.0,-42.857142857142854,Export
SCIFIX CAP. 400MG CP 1 X 5’S,0.0,0.0,0.0,Other
SCIFIX DS SUSP. 200MG/5ML CP 30ML,0.0,0.0,0.0,Other
SCIFIX SUSP. 100MG/5ML CP 30ML,0.0,0.0,0.0,Other
SECURIN TAB. 10MG CP (IQ) 30'S,0.0,0.0,0.0,Export
SECURIN TAB. 2.5MG CP (IQ) 30'S,0.0,0.0,0.0,Export
SECURIN TAB. 5MG CP (IQ) 30'S,0.0,0.0,0.0,Export
SETSPIN TAB. 16MG CP 3X10'S,0.0,332350.0,33235000.0,Pharma
SETSPIN TAB. 16MG PS 2'S,0.0,0.0,0.0,Pharma
SETSPIN TAB. 24MG CP (BWA) 30'S,0.0,0.0,0.0,Export
SHEVIT TAB. CP (AFG) 1X30’S,0.0,30749.420000000002,3074942.0,Export
SHEVIT TAB. CP 1X30'S,47541441.73,59414963.99,24.975099256418797,Nutraceutical
SOVELPA TAB. 400/100MG CP (KSV) 28'S,19935.0,0.0,-100.0,Export
SOVELPA TAB. 400/100MG CP (MLI) 28'S,4871.4,0.0,-100.0,Export
SOVELPA TAB. 400/100MG CP (MMR) 4X7'S,63612.0,11936.0,-81.23624473369804,Export
SOVELPA TAB. 400/100MG CP (TJS) 28'S,27446.1,9321.76,-66.03612170763788,Export
SPARLIV TAB. CP (AFG) 1X30'S,0.0,0.0,0.0,Export
SPARLIV TAB. CP 1X30'S,32208317.41,40691621.31,26.33886083526399,Nutraceutical
SPECTRIX TAB. 250MG CP,0.0,0.0,0.0,Pharma
SPECTRIX TAB. 250MG CP 6X10'S,0.0,221850.0,22185000.0,Pharma
SPECTRIX TAB. 250MG PS,0.0,0.0,0.0,Pharma
SPECTRIX TAB. 500MG CP (CMB),0.0,0.0,0.0,Export
SPECTRIX TAB. 500MG CP (IQ) 10'S,0.0,0.0,0.0,Export
SPECTRIX TAB. 500MG CP (KEN),0.0,0.0,0.0,Export
SPECTRIX TAB. 500MG CP 1X10'S,0.0,0.0,0.0,Pharma
SPECTRIX TAB. 500MG CP 6X10'S,0.0,322065.0,32206500.0,Pharma
SPECTRIX TAB. 500MG PS 1'S,0.0,0.0,0.0,Pharma
SPEDICAM TAB. 8MG CP (MMR),0.0,0.0,0.0,Export
SPS JAR 100G CP,696960.0,239040.0,-65.70247933884298,Pharma
SPS JAR 15G CP,59892.0,0.0,-100.0,Pharma
STEVO SAC. 1GM CP 1X50'S,9686475.86,5406103.07,-44.189164892008506,Medical Device
STEVO TAB. 15MG CP 100'S,7789467.0,6841832.819999999,-12.16558437181903,Medical Device
STEVO TAB. 15MG CP 200'S,6781549.02,8530290.85,25.786760883725062,Medical Device
SUPERCRAN SAC. CP (AFG) 1X10’S,0.0,26546.41,2654641.0,Export
SUPERCRAN SAC. CP (GTM) 10'S,0.0,170.5,17050.0,Export
SUPERCRAN SAC. CP (GTM) 1X2'S,0.0,98.0,9800.0,Export
SUPERCRAN SAC. CP (TJS) 10'S,0.0,0.0,0.0,Export
SUPERCRAN SAC. CP 1X10'S,10799677.42,10801665.81,0.018411568444797088,Nutraceutical
TANSIN 50MG TAB. DGH INST. CP 10'S GREEN,0.0,1298.14,129814.00000000001,Pharma
TANSIN DS TAB. 100MG CP 1X10'S,6457109.9,6210968.34,-3.8119462702655955,Pharma
TANSIN TAB. 50MG CP 1X10'S,33995783.68,33521044.86,-1.3964638217159062,Pharma
TANSIN TAB. 50MG CP DGDP 1X10'S,0.0,108471.93,10847193.0,Pharma
TANSIN TAB. 50MG CP INST. 150X10’S,0.0,58548.0,5854800.0,Pharma
TANSIN TAB. 50MG INST.PUNJAB 150X10S FIC,0.0,0.0,0.0,Pharma
TANSIN TAB.50MGCP CPEIC INSTGREEN150X10S,0.0,0.0,0.0,Pharma
TANSIN TAB.50MGCP RIC INST.GREEN150X10'S,0.0,0.0,0.0,Pharma
TELMACE TAB. 40MG CP (KEN),0.0,0.0,0.0,Export
TELSARTA D TAB. 40/12.5MG CP (CMB),0.0,0.0,0.0,Export
TELSARTA TAB. 20MG CP 1X10'S,14484997.13,18005712.12,24.30594192323461,Pharma
TELSARTA TAB. 40MG CP (MDV),0.0,0.0,0.0,Export
TELSARTA TAB. 40MG CP 1X10'S,42305432.11,52011806.99,22.94356633626169,Pharma
TELSARTA TAB. 80MG CP (GTM) 2’S,0.0,0.0,0.0,Export
TELSARTA TAB. 80MG CP (GTM) 30'S,1934.0,0.0,-100.0,Export
TELSARTA TAB. 80MG CP 2X5'S,15212205.92,18770688.88,23.392287605846445,Pharma
TELSARTA-A TAB. 10/40MG CP 2X5'S,16433107.65,19434355.89,18.263424690703587,Pharma
TELSARTA-A TAB. 10/80MG CP 2X5'S,28275166.78,30558759.65,8.076319718174965,Pharma
TELSARTA-A TAB. 5/40MG CP 2X7'S,79114605.1,74830012.89,-5.415677932771472,Pharma
TELSARTA-A TAB. 5/80MG CP (IQ) 28'S,0.0,0.0,0.0,Export
TELSARTA-A TAB. 5/80MG CP 2X7'S,44397754.05,44328902.87,-0.15507806976555766,Pharma
TELSARTA-D TAB. 40/12.5MG CP 2X7'S,31828121.46,39200156.54,23.162017555025372,Pharma
TELSARTA-D TAB. 80/12.5MG CP (GTM) 2'S,0.0,0.0,0.0,Export
TELSARTA-D TAB. 80/12.5MG CP (GTM) 28'S,0.0,0.0,0.0,Export
TELSARTA-D TAB. 80/12.5MG CP 2X7'S,25194986.189999998,27312107.31,8.402946141880783,Pharma
TENOVA PLUS TAB. 25MG CP (AFG) 3X10'S,0.0,0.0,0.0,Export
TENOVA PLUS TAB. 25MG CP (TJS) 30'S,0.0,0.0,0.0,Export
THEWRIL CAP. 4MG CP 1X20'S,26947656.03,42423817.44,57.430454777851025,Pharma
TIOCAP CAP. 18MCG CP (AFG) 3X10'S,0.0,0.0,0.0,Export
TIOCAP CAP. 18MCG CP 1X6'S,18712649.36,10981417.08,-41.31554079416577,Pharma
TIOCAP CAP. 18MCG CP 3X10'S,11369520.360000001,29295049.8,157.66302247072096,Pharma
TRASZEPTIN 440MG INJ. 1X1'S,0.0,0.0,0.0,Pharma
TREATAN TAB. 16MG CP 2X14'S,23282598.659999996,24166857.369999997,3.79793820661083,Pharma
TREATAN TAB. 4MG CP 1X14'S,32128747.36,40482699.03,26.001485761006034,Pharma
TREATAN TAB. 8MG CP 1X14'S,34874028.87,43220273.45,23.932550526675087,Pharma
TREATAN-D TAB. 16/12.5MG CP 2X14'S,16488012.530000001,16112853.69,-2.275343006426025,Pharma
TRIXAFIN INJ. 1G IM CP (AZN) 1'S,0.0,0.0,0.0,Export
TRIXAFIN INJ. 1G IM CP (TJS) 1'S,0.0,0.0,0.0,Export
TRIXAFIN INJ. 1G IV CP (AFG),0.0,0.0,0.0,Export
TRIXAFIN INJ. 1G IV CP (GTM) 1X1'S,0.0,0.0,0.0,Export
TRIXAFIN INJ. 500MG IM CP (AZN) 1'S,0.0,0.0,0.0,Export
TRIXAFIN INJ. 500MG IV CP (AFG),0.0,0.0,0.0,Export
TROMIX TAB. 500MG CP (AZN) 1X6'S,0.0,0.0,0.0,Export
URITREAT CAP. 0.4MG CP 2X10'S,17586462.330000002,17557667.33,-0.1637338963327693,Pharma
UTFIX CAP 0.4MG CP (BWA) 20'S,0.0,0.0,0.0,Export
UTFIX CAP. 0.4MG CP (BWA) 30'S,1695.75,0.0,-100.0,Export
UTFIX CAP. 0.4MG CP (IQ) 30'S,0.0,0.0,0.0,Export
VANZAK TAB. 10MG CP 1X10'S,0.0,4620434.26,462043426.0,Pharma
VANZAK TAB. 20MG CP 1X10'S,0.0,31073920.919999998,3107392092.0,Pharma
VAZCARE TAB 10MG CP (PHL) 100'S,0.0,0.0,0.0,Export
VERTEASE TAB. 8MG CP (KEN),0.0,0.0,0.0,Export
VIBLE TAB. CP (AFG) 1X30'S,0.0,79985.81,7998581.0,Export
VIBLE TAB. CP 1X30'S,47965274.36,72399407.08,50.94129669020828,Nutraceutical
VOXAMINE TAB. 100MG CP 1X10'S,47136479.55,53849431.83,14.24152237096799,Pharma
VOXAMINE TAB. 50MG CP 1X10'S,25343525.51,28963569.080000002,14.28389893336509,Pharma
WINZITH TAB. 250MG CP 1X6'S,0.0,0.0,0.0,Pharma
WINZITH TAB. 250MG PS 2'S,0.0,0.0,0.0,Pharma
WINZITH TAB. 500MG CP 1X6'S,0.0,53126.0,5312600.0,Pharma
WINZITH TAB. 500MG PS 1'S,0.0,0.0,0.0,Pharma
X-PLENDED EZ TAB. 10/10MG CP (AFG)1X10'S,0.0,0.0,0.0,Export
X-PLENDED EZ TAB. 10/10MG CP (IQ) 30'S,0.0,0.0,0.0,Export
X-PLENDED EZ TAB. 10/10MG CP 1X10'S,49764333.69,77146277.7,55.023230453706105,Pharma
X-PLENDED EZ TAB. 20/10MG CP (AFG)1X10'S,39670.5,0.0,-100.0,Export
X-PLENDED EZ TAB. 20/10MG CP (IQ) 3X10'S,0.0,0.0,0.0,Export
X-PLENDED EZ TAB. 20/10MG CP 1X10'S,38835376.95,70215185.4,80.80212145333637,Pharma
X-PLENDED EZ TAB. 5/10MG CP (AFG) 1X10'S,0.0,0.0,0.0,Export
X-PLENDED EZ TAB. 5/10MG CP 1X10'S,16514640.83,24007424.41,45.37055124074412,Pharma
X-PLENDED TAB. 10MG CP (AFG) 1X10'S,14172.699999999999,4302.0,-69.64586846543001,Export
X-PLENDED TAB. 10MG CP (CMB),0.0,0.0,0.0,Export
X-PLENDED TAB. 10MG CP (IQ) 30'S,983.0,0.0,-100.0,Export
X-PLENDED TAB. 10MG CP (MDV) 60'S,3969.0,0.0,-100.0,Export
X-PLENDED TAB. 10MG CP (NIG) 30'S,0.0,0.0,0.0,Export
X-PLENDED TAB. 10MG CP (PHL),0.0,0.0,0.0,Export
X-PLENDED TAB. 10MG CP (SLK) 60'S,1569.75,1833.0,16.77018633540373,Export
X-PLENDED TAB. 10MG CP (SWL) 30'S,5197.92,0.0,-100.0,Export
X-PLENDED TAB. 10MG CP 1X10'S,124415046.29,189806028.86,52.55874150267938,Pharma
X-PLENDED TAB. 10MG CP CPEIC INST 80X10S,0.0,0.0,0.0,Pharma
X-PLENDED TAB. 10MG CP GREEN 80X10'S,0.0,0.0,0.0,Pharma
X-PLENDED TAB. 10MG CP INST. 80X10'S,0.0,0.0,0.0,Pharma
X-PLENDED TAB. 10MG CP INST. GREEN 10'S,0.0,0.0,0.0,Pharma
X-PLENDED TAB. 10MG PS (SLK) 4'S,0.0,0.0,0.0,Export
X-PLENDED TAB. 20MG CP (AFG) 1X10'S,123638.40000000002,46455.36,-62.42643062349562,Export
X-PLENDED TAB. 20MG CP (GTM) 1X2'S,0.0,0.0,0.0,Export
X-PLENDED TAB. 20MG CP (GTM) 3X10'S,53.239999999999995,0.0,-100.0,Export
X-PLENDED TAB. 20MG CP (IQ) 3X10'S,0.0,0.0,0.0,Export
X-PLENDED TAB. 20MG CP (MDV) 60'S,5017.95,0.0,-100.0,Export
X-PLENDED TAB. 20MG CP (SLK) 60'S,9656.7,10331.6,6.988929965723275,Export
X-PLENDED TAB. 20MG CP 1X10'S,169219378.75,280433799.56,65.72203587527945,Pharma
X-PLENDED TAB. 20MG CP GREEN 80X10'S,0.0,0.0,0.0,Pharma
X-PLENDED TAB. 20MG CP INST. 80X10'S,0.0,0.0,0.0,Pharma
X-PLENDED TAB. 20MG PS (SLK) 4'S,0.0,0.0,0.0,Export
X-PLENDED TAB. 40MG CP (IQ) 3X10'S,0.0,0.0,0.0,Export
X-PLENDED TAB. 5MG CP (AFG) 1X10'S,30619.99,33434.1,9.190434092238425,Export
X-PLENDED TAB. 5MG CP (MDV) 30'S,0.0,0.0,0.0,Export
X-PLENDED TAB. 5MG CP (MMR),0.0,392.40000000000003,39240.0,Export
X-PLENDED TAB. 5MG CP (SLK) 3X10'S,0.0,1430.6399999999999,143064.0,Export
X-PLENDED TAB. 5MG CP (SWL) 3X10'S,2319.7799999999997,0.0,-100.0,Export
X-PLENDED TAB. 5MG CP 1X10'S,47400185.38,65708879.8,38.62578653062642,Pharma
X-PLENDED TAB. 5MG PS (SLK) 4'S,0.0,0.0,0.0,Export
XCEPT TAB. 10MG CP (AFG) 1X10'S,17762.5,0.0,-100.0,Export
XCEPT TAB. 10MG CP (MLI) 10'S,0.0,3697.92,369792.0,Export
XCEPT TAB. 10MG CP (SLK) 1X10'S,1129.6200000000001,484.0,-57.15373311379048,Export
XCEPT TAB. 10MG CP 1X10'S,107896517.97,120046984.28,11.261221899096288,Pharma
XCEPT TAB. 10MG PS (SLK) 4'S,0.0,0.0,0.0,Export
XCEPT TAB. 15MG CP (AFG) 2X7'S,0.0,0.0,0.0,Export
XCEPT TAB. 15MG CP (AZN) 14'S,0.0,0.0,0.0,Export
XCEPT TAB. 15MG CP (SLK) 2X7'S,1751.71,1759.15,0.4247278373703441,Export
XCEPT TAB. 15MG CP 2X7'S,92233739.47,109364585.79,18.573296950159975,Pharma
XCEPT TAB. 15MG PS (SLK) 4'S,0.0,0.0,0.0,Export
XCEPT TAB. 2.5MG CP (AFG) 1X10'S,21486.66,0.0,-100.0,Export
XCEPT TAB. 2.5MG CP 1X10'S,31235183.45,38308258.769999996,22.644577488466766,Pharma
XCEPT TAB. 20MG 63X7'S RIC  INST GREEN,0.0,0.0,0.0,Pharma
XCEPT TAB. 20MG CP (AFG) 2X7'S,26445.4,0.0,-100.0,Export
XCEPT TAB. 20MG CP (IQ) 28'S,0.0,0.0,0.0,Export
XCEPT TAB. 20MG CP (SLK) 2X7'S,1406.37,1979.5,40.75243357011314,Export
XCEPT TAB. 20MG CP 2X7'S,106678805.63000001,113891100.26,6.7607568226952175,Pharma
XCEPT TAB. 20MG INST. RIC 2X7'S,0.0,0.0,0.0,Pharma
XCEPT TAB. 20MG PS (SLK) 4'S,0.0,0.0,0.0,Export
XILICA CAP. 100MG CP 2X7'S,10772773.39,19076605.24,77.08165343669219,Pharma
XILICA CAP. 150MG CP (GTM) 2'S,0.0,1.75,175.0,Export
XILICA CAP. 150MG CP (GTM) 28'S,0.0,0.0,0.0,Export
XILICA CAP. 150MG CP 2X7'S,7939000.85,8126027.9,2.3558008562248833,Pharma
XILICA CAP. 25MG CP 2X7'S,7413140.4,10258501.72,38.38267139794088,Pharma
XILICA CAP. 50MG CP (IQ) 14'S,0.0,0.0,0.0,Export
XILICA CAP. 50MG CP 2X7'S,35379897.36000001,48475903.31,37.015387062163015,Pharma
XILICA CAP. 75MG CP (COG) 2X7'S,0.0,0.0,0.0,Export
XILICA CAP. 75MG CP (GTM) 4X7'S,0.0,0.0,0.0,Export
XILICA CAP. 75MG CP (GTM)1X2'S,0.0,0.0,0.0,Export
XILICA CAP. 75MG CP (IQ) 14'S,0.0,0.0,0.0,Export
XILICA CAP. 75MG CP 2X7'S,45277654.72,60221160.78,33.0041521638248,Pharma
XILICA CAP. 75MG CP PUNJAB INST.GR 2X7’S,0.0,0.0,0.0,Pharma
ZI-AD DISPERSIBLE TAB. 20MG CP (KEN) 10S,0.0,0.0,0.0,Export
ZI-AD SYP. CP (KEN) 60ML,0.0,0.0,0.0,Export
ZIBES 5MG TAB. CP (GTM) 2'S,0.0,0.0,0.0,Export
ZIBES 5MG TAB. CP (GTM) 30'S,0.0,0.0,0.0,Export
ZIBES TAB. 10MG CP 1X20'S,4663389.81,6491048.78,39.19164051181904,Pharma
ZIBES TAB. 2.5MG CP (GTM) 1X2'S,0.0,0.0,0.0,Export
ZIBES TAB. 2.5MG CP (GTM) 2X14'S,848.32,0.0,-100.0,Export
ZIBES TAB. 2.5MG CP 2X7'S,8189144.82,11605322.92,41.71593218936381,Pharma
ZIBES TAB. 5MG CP 2X10'S,28156343.35,43712808.62,55.25030390709451,Pharma
ZIBES TAB. 5MG CP FIC 100X10'S,0.0,0.0,0.0,Pharma
ZIBES TAB. 5MG CP INST. 100X10'S,0.0,0.0,0.0,Pharma
ZIBES TAB. 5MG INST. CPEIC 100X10'S,0.0,0.0,0.0,Pharma
ZIBES TAB. 5MG INST. PIC 2X10'S,0.0,0.0,0.0,Pharma
ZIBES TAB. 5MG INST. RIC 2X10'S,0.0,0.0,0.0,Pharma
ZIBES TAB. 5MG PUNJAB INST.GR CP 20'S,0.0,0.0,0.0,Pharma
ZIBES TAB.5MG CP PIC INST.GREEN 100X10'S,0.0,0.0,0.0,Pharma
ZIBES TAB.5MG CP RIC INST.GREEN 100X10'S,0.0,0.0,0.0,Pharma
ZILERO TAB. 2.5MG CP (SLK) 30’S,0.0,0.0,0.0,Export
ZILERO TAB. 2.5MG CP 3X10’S,4565659.49,10866479.7,138.00460204709657,Pharma
ZILERO TAB. 2.5MG PS (SLK) 4’S,0.0,0.0,0.0,Export
ZILERO TAB. 5MG CP (SLK) 30’S,0.0,0.0,0.0,Export
ZILERO TAB. 5MG CP 3X10’S,4008881.74,7598368.66,89.53835889406903,Pharma
ZILERO TAB. 5MG PS (SLK) 4’S,0.0,0.0,0.0,Export
ZILFOM TAB. 400MG CP (IQ) 1X5'S,0.0,0.0,0.0,Export
ZILFOM TAB. 400MG CP 1X5'S,16873607.43,19192661.85,13.743678876141791,Pharma
ZOLTAR CAP. 20MG CP 2X7'S,19351464.04,20855516.9,7.772294937949302,Pharma
ZOLTAR CAP. 40MG CP 2X7'S,18962678.71,22069486.25,16.38380097829543,Pharma
ZOLTAR INJ. 40MG CP 1X1'S,53366567.44,50667554.01,-5.057498654067453,Pharma
