Material Name,2024.0,2025.0,Growth,Status
ACOBMIN INJ. IV/IM CP (AFG) 1X10'S,21595.0,0.0,-100.0,🔴 Critical
ACOBMIN TAB. CP 30'S (AFG) 1X30'S,0.0,0.0,0.0,✅ Stable
ACTIFLOR SAC. 250MG CP (AFG) 1X10'S,15188.75,25584.26,68.44216936877622,🚀 Growing
ACTIFLOR SAC. 250MG CP (MMR) 1X10'S,0.0,755.2,75520.0,🚀 Growing
ACTIFLOR SAC. 250MG CP 1X10'S,53208756.03,51170057.31,-3.8315098343034855,✅ Stable
ACTNISE CRM. 50GM CP 1X1'S,24049801.279999997,42724182.81,77.64879764528352,🚀 Growing
AD FOLIC OD TAB. 600MCG CP (AFG) 3X10’S,0.0,0.0,0.0,✅ Stable
AD FOLIC OD TAB. 600MCG CP 3X10'S,121846064.75,162801033.22,33.61205678166967,🚀 Growing
AD FOLIC TAB. CP  (UZB) 3X10’S,0.0,0.0,0.0,✅ Stable
AD FOLIC TAB. CP 30'S (AFG) 3X10’S,1318.08,0.0,-100.0,🔴 Critical
AD FOLIC TAB. CP 3X10'S,77529737.48,103558553.78,33.572687263018956,🚀 Growing
AD-D CHEWABLE TAB. 10000IU CP (AFG) 8'S,0.0,0.0,0.0,✅ Stable
AD-D CHEWABLE TAB. 10000IU CP 1X8'S,2389253.36,2867183.37,20.003320618956888,🚀 Growing
AD-D CHEWABLE TAB. 2000IU CP (AFG) 1X30’,0.0,0.0,0.0,✅ Stable
AD-D CHEWABLE TAB. 2000IU CP 1X30'S,4517883.76,4996100.16,10.584964673814458,✅ Stable
AGOVIZ TAB. 25MG CP 2X7'S,39222500.58,39702567.01,1.2239567159182887,✅ Stable
AIRCARE DPI DEVICE CP 1X1'S,4343439.02,0.0,-100.0,🔴 Critical
AIRCARE PLUS DPI DEVICE CP (AFG) 1'S,0.0,0.0,0.0,✅ Stable
AIRCARE PLUS DPI DEVICE CP 1X1'S,5619561.94,11085411.25,97.26468661363307,🚀 Growing
AIREEZ SAC. 4MG CP (AFG) 1X14'S,6697.8,0.0,-100.0,🔴 Critical
AIREEZ SAC. 4MG CP (CMB),0.0,0.0,0.0,✅ Stable
AIREEZ SAC. 4MG CP (VNM),263.52000000000004,0.0,-100.0,🔴 Critical
AIREEZ SAC. 4MG CP 1X14'S,15200002.48,17201670.65,13.168867390868991,✅ Stable
AIREEZ TAB. 10MG CP (AFG) 3X10'S,0.0,0.0,0.0,✅ Stable
AIREEZ TAB. 10MG CP (IQ) 30'S,0.0,0.0,0.0,✅ Stable
AIREEZ TAB. 10MG CP (KEN),0.0,0.0,0.0,✅ Stable
AIREEZ TAB. 10MG CP (MDV) 30'S,0.0,712.5,71250.0,🚀 Growing
AIREEZ TAB. 10MG CP 3X10'S,77864157.51,135799375.65,74.40550311298166,🚀 Growing
AIREEZ TAB. 5MG CP (KEN),0.0,0.0,0.0,✅ Stable
AIREEZ TAB. 5MG CP 3X10'S,4515231.51,7956561.8,76.21603194384157,🚀 Growing
AIREEZ TAB.10MG CP PUNJAB GREEN 3X10'S,0.0,213267.08000000002,21326708.0,🚀 Growing
ANEX TAB. 550MG CP (GTM) 1X2'S,0.0,0.0,0.0,✅ Stable
ANEX TAB. 550MG CP (GTM) 3X10'S,4605.36,0.0,-100.0,🔴 Critical
ANEX-M TAB. 85/500MG CP (AFG) 1X2'S,0.0,29439.63,2943963.0,🚀 Growing
ANEX-M TAB. 85/500MG CP 1X2'S,7288693.5,10441617.81,43.25774310581177,🚀 Growing
ANPLAG TAB. 60MG CP 2X7'S,11832197.69,16685367.89,41.01664227687529,🚀 Growing
ANPLAG TAB. 90MG 100X10'S RIC INST.GREEN,0.0,0.0,0.0,✅ Stable
ANPLAG TAB. 90MG CP (GTM) 2'S,0.0,0.0,0.0,✅ Stable
ANPLAG TAB. 90MG CP (GTM) 30'S,0.0,0.0,0.0,✅ Stable
ANPLAG TAB. 90MG CP (IQ) 30'S,0.0,0.0,0.0,✅ Stable
ANPLAG TAB. 90MG CP (SLK) 3X10'S,0.0,14543.36,1454336.0,🚀 Growing
ANPLAG TAB. 90MG CP 2X10'S,26402491.72,33348935.98,26.309805656479163,🚀 Growing
APREP CAP. 125MG CP 1'S,0.0,0.0,0.0,✅ Stable
APREP CAP. 80MG CP 1X2'S,117600.0,0.0,-100.0,🔴 Critical
APREP CAP. 80MG/125MG CP COMBO PACK,0.0,0.0,0.0,✅ Stable
ARBI TAB. 150MG CP (CMB),0.0,0.0,0.0,✅ Stable
ARBI TAB. 150MG CP (GTM) 1X2'S,0.0,0.0,0.0,✅ Stable
ARBI TAB. 150MG CP (GTM) 3X10'S,1997.16,0.0,-100.0,🔴 Critical
ARBI TAB. 150MG CP (IQ) 30'S,0.0,0.0,0.0,✅ Stable
ARBI TAB. 150MG CP (SLK) 1X10'S,0.0,75.60000000000001,7560.000000000001,🚀 Growing
ARBI TAB. 150MG CP 1X10'S,26636865.15,27571158.2,3.5075187892371065,✅ Stable
ARBI TAB. 150MG CP SPC (SLK) 1X10'S,0.0,0.0,0.0,✅ Stable
ARBI TAB. 150MG PS (SLK) 4'S,0.0,0.0,0.0,✅ Stable
ARBI TAB. 300MG CP (CMB),0.0,0.0,0.0,✅ Stable
ARBI TAB. 300MG CP (GTM) 1X2'S,0.0,0.0,0.0,✅ Stable
ARBI TAB. 300MG CP (GTM) 3X10'S,1936.44,0.0,-100.0,🔴 Critical
ARBI TAB. 300MG CP (IQ) 30'S,0.0,0.0,0.0,✅ Stable
ARBI TAB. 300MG CP (SLK),735.69,0.0,-100.0,🔴 Critical
ARBI TAB. 300MG CP 1X10'S,16210289.42,16710256.36,3.084256715263505,✅ Stable
ARBI TAB. 300MG PS (SLK) 4'S,0.0,0.0,0.0,✅ Stable
ARBI-A TAB. 100/10MG CP 1X10'S,4502763.78,3701752.52,-17.789324493500306,⚠️ Declining
ARBI-A TAB. 100/5MG CP 1X10'S,6101318.13,8850505.96,45.05891630994172,🚀 Growing
ARBI-D TAB. 150/12.5MG CP (IQ) 30'S,1225.98,0.0,-100.0,🔴 Critical
ARBI-D TAB. 150/12.5MG CP 1X10'S,41668611.71,48136090.46,15.521224453100455,✅ Stable
ARBI-D TAB. 150MG/12.5MG CP (GTM) 1X2'S,0.0,0.0,0.0,✅ Stable
ARBI-D TAB. 150MG/12.5MG CP (GTM) 3X10'S,0.0,2331.79,233179.0,🚀 Growing
ARBI-D TAB. 300/12.5MG CP (GTM) 1X2'S,0.0,0.0,0.0,✅ Stable
ARBI-D TAB. 300/12.5MG CP (GTM) 30'S,0.0,0.0,0.0,✅ Stable
ARBI-D TAB. 300/12.5MG CP (IQ) 30'S,0.0,0.0,0.0,✅ Stable
ARBI-D TAB. 300/12.5MG CP 1X10'S,35330909.98,39224711.42,11.02094863167746,✅ Stable
ARBI-D TAB. 300/25MG CP (IQ) 28'S,0.0,0.0,0.0,✅ Stable
ARBI-D TAB. 300/25MG CP 2X7'S,7775723.67,7967297.22,2.463739172459556,✅ Stable
AVSAR PLUS 160/10/12.5MG CP (BDI) 4X7'S,0.0,0.0,0.0,✅ Stable
AVSAR PLUS 160/5/12.5MG CP (BDI) 4X7'S,0.0,0.0,0.0,✅ Stable
AVSAR PLUS TAB 160/10/12.5MG CP (GHN) 28,0.0,0.0,0.0,✅ Stable
AVSAR PLUS TAB 160/5/12.5MG CP (GHN) 28S,1631.85,0.0,-100.0,🔴 Critical
AVSAR PLUS TAB. 160/10/12.5MG CP (AFG),109031.88,0.0,-100.0,🔴 Critical
AVSAR PLUS TAB. 160/10/12.5MG CP (KEN),0.0,22.11,2211.0,🚀 Growing
AVSAR PLUS TAB. 160/10/12.5MG CP 4X7'S,122271295.96000001,173135730.74,41.599652952594745,🚀 Growing
AVSAR PLUS TAB. 160/10/12.5MG CP(ZM)28'S,0.0,0.0,0.0,✅ Stable
AVSAR PLUS TAB. 160/10/25MG CP (AFG),124070.76000000001,87891.2,-29.160424261123257,⚠️ Declining
AVSAR PLUS TAB. 160/10/25MG CP (GHN)28'S,0.0,0.0,0.0,✅ Stable
AVSAR PLUS TAB. 160/10/25MG CP 4X7'S,37893415.29,49145487.89,29.694004918499395,🚀 Growing
AVSAR PLUS TAB. 160/5/12.5MG CP (AFG),88920.48,0.0,-100.0,🔴 Critical
AVSAR PLUS TAB. 160/5/12.5MG CP (KEN),0.0,0.0,0.0,✅ Stable
AVSAR PLUS TAB. 160/5/12.5MG CP 4X7'S,110987294.24,171494610.71,54.5173363170368,🚀 Growing
AVSAR PLUS TAB. 160/5/25MG CP (GHN) 28'S,1666.34,0.0,-100.0,🔴 Critical
AVSAR PLUS TAB. 160/5/25MG CP 4X7'S,14393680.38,18394911.12,27.79852431320974,🚀 Growing
AVSAR PLUS TAB. 320/10/25MG CP (GTM) 2'S,0.0,0.0,0.0,✅ Stable
AVSAR PLUS TAB. 320/10/25MG CP (GTM) 28S,0.0,0.0,0.0,✅ Stable
AVSAR PLUS TAB. 320/10/25MG CP 4X7'S,16377955.55,22002746.01,34.34366666112976,🚀 Growing
AVSAR TAB. 160/10MG (SWL) CP 4X7'S,9024.99,0.0,-100.0,🔴 Critical
AVSAR TAB. 160/10MG CP (AFG),0.0,232.56,23256.0,🚀 Growing
AVSAR TAB. 160/10MG CP (GHN) 28'S,0.0,0.0,0.0,✅ Stable
AVSAR TAB. 160/10MG CP (KEN),0.0,0.0,0.0,✅ Stable
AVSAR TAB. 160/10MG CP (MDV) 14’S,0.0,570.0,57000.0,🚀 Growing
AVSAR TAB. 160/10MG CP (NIG) 28'S,0.0,0.0,0.0,✅ Stable
AVSAR TAB. 160/10MG CP (PHL),0.0,0.0,0.0,✅ Stable
AVSAR TAB. 160/10MG CP 2X7'S,181844325.28,253959386.0,39.65758107048915,🚀 Growing
AVSAR TAB. 160/5MG CP (AFG) 2X7'S,0.0,0.0,0.0,✅ Stable
AVSAR TAB. 160/5MG CP (CMB),0.0,0.0,0.0,✅ Stable
AVSAR TAB. 160/5MG CP (GHN) 28'S,0.0,0.0,0.0,✅ Stable
AVSAR TAB. 160/5MG CP (KEN),0.0,0.0,0.0,✅ Stable
AVSAR TAB. 160/5MG CP (SLK) 4X7'S,0.0,0.0,0.0,✅ Stable
AVSAR TAB. 160/5MG CP (SWL) 28'S,0.0,0.0,0.0,✅ Stable
AVSAR TAB. 160/5MG CP 2X7'S,141278657.09,214061367.64000002,51.51713078900134,🚀 Growing
AVSAR TAB. 160/5MG PS (SLK) 4'S,0.0,0.0,0.0,✅ Stable
AVSAR TAB. 80/5MG CP (AFG) 2X7'S,0.0,0.0,0.0,✅ Stable
AVSAR TAB. 80/5MG CP (CMB),0.0,0.0,0.0,✅ Stable
AVSAR TAB. 80/5MG CP (PHL),0.0,0.0,0.0,✅ Stable
AVSAR TAB. 80/5MG CP (SLK) 4X7'S,0.0,5628.26,562826.0,🚀 Growing
AVSAR TAB. 80/5MG CP (SWL) 4X7'S,7371.0,0.0,-100.0,🔴 Critical
AVSAR TAB. 80/5MG CP 2X7'S,141844299.14,148144554.84,4.441670012963779,✅ Stable
AVSAR TAB. 80/5MG INST. CP 7X152'S,0.0,0.0,0.0,✅ Stable
AVSAR TAB. 80/5MG PS (SLK) 4'S,0.0,0.0,0.0,✅ Stable
AXIFER INJ. 100MG/5ML CP 1X5'S,2223020.19,0.0,-100.0,🔴 Critical
AZOBACT SUSP. 200MG 15ML CP (AFG),0.0,0.0,0.0,✅ Stable
AZOBACT TAB. 250MG CP (AFG) 2X6'S,16969.12,0.0,-100.0,🔴 Critical
AZOBACT TAB. 500MG CP (AFG) 1X6'S,24971.85,31247.02,25.128975226104604,🚀 Growing
BANDRIO TAB. 150MG CP (GTM) 1X1'S,0.0,1678.5,167850.0,🚀 Growing
BEMPION EZ TAB. 180/10MG CP 1X10'S,0.0,4021544.25,402154425.0,🚀 Growing
BEMPION TAB. 180MG CP 1X10'S,0.0,3659083.3,365908330.0,🚀 Growing
BESTRIX INJ. 1000MG IV CP,0.0,0.0,0.0,✅ Stable
BESTRIX INJ. 1000MG IV PS,0.0,0.0,0.0,✅ Stable
BESTRIX INJ. 250MG IM CP,0.0,0.0,0.0,✅ Stable
BESTRIX INJ. 250MG IM PS,0.0,0.0,0.0,✅ Stable
BESTRIX INJ. 250MG IV CP,0.0,0.0,0.0,✅ Stable
BESTRIX INJ. 500MG IM CP,0.0,0.0,0.0,✅ Stable
BESTRIX INJ. 500MG IV CP,0.0,0.0,0.0,✅ Stable
BEVEC 100MG/4ML 1X1'S,0.0,0.0,0.0,✅ Stable
BEVEC 400MG/16ML 1X1'S,0.0,0.0,0.0,✅ Stable
BONGARD TAB. 70MG CP (KEN),1092.0,0.0,-100.0,🔴 Critical
BONGARD TAB. 70MG CP (MDV),455.0,0.0,-100.0,🔴 Critical
BONGARD TAB. 70MG CP (MMR),1267.8,0.0,-100.0,🔴 Critical
BONGARD TAB. 70MG CP (SLK),0.0,0.0,0.0,✅ Stable
BONGARD TAB. 70MG PS (SLK),0.0,0.0,0.0,✅ Stable
BUSONIDE CAP. 200/6 MCG CP (AFG) 3X10'S,0.0,0.0,0.0,✅ Stable
BUSONIDE CAP. 200/6 MCG CP 3X10'S,14613276.28,16828769.31,15.160823538470728,✅ Stable
BUSONIDE CAP. 400/12 MCG CP (AFG) 30'S,0.0,0.0,0.0,✅ Stable
BUSONIDE CAP. 400/12 MCG CP 3X10'S,77814691.68,109771276.35000001,41.06754647492038,🚀 Growing
BYVAS TAB 5MG CP (GTM) 1X2'S,0.0,0.0,0.0,✅ Stable
BYVAS TAB 5MG CP (GTM) 4X7'S,2677.2,0.0,-100.0,🔴 Critical
BYVAS TAB. 10MG CP 2X7'S,16078678.38,19841851.95,23.404744351879987,🚀 Growing
BYVAS TAB. 2.5MG CP (IQ) 4X7'S,0.0,0.0,0.0,✅ Stable
BYVAS TAB. 2.5MG CP 2X7'S,47917385.61,87899665.53,83.44002789596267,🚀 Growing
BYVAS TAB. 5MG CP (IQ) 4X7'S,0.0,0.0,0.0,✅ Stable
BYVAS TAB. 5MG CP 2X7'S,88432338.77,126628924.31,43.19300616864146,🚀 Growing
CEZOX CAP. 400MG CP,0.0,0.0,0.0,✅ Stable
CEZOX CAP. 400MG PS,0.0,0.0,0.0,✅ Stable
CEZOX DS SUSP. CP 30ML,0.0,0.0,0.0,✅ Stable
CEZOX DS SUSP. PS 15ML,0.0,0.0,0.0,✅ Stable
CEZOX SUSP. CP 30ML,0.0,0.0,0.0,✅ Stable
CEZOX SUSP. PS 15ML,0.0,0.0,0.0,✅ Stable
CIPROMAX TAB. 250MG CP (AFG),0.0,0.0,0.0,✅ Stable
CIPROMAX TAB. 500MG CP (AFG),0.0,0.0,0.0,✅ Stable
COLYSTYRENE SAC. 4G CP 1X25'S,0.0,0.0,0.0,✅ Stable
DAGIFLO TAB. 10MG CP (SLK) 2X7'S,0.0,169.0,16900.0,🚀 Growing
DAGIFLO TAB. 10MG PS (SLK) 4'S,0.0,0.0,0.0,✅ Stable
DAGIFLO TAB. 5MG CP (SLK) 2X7'S,0.0,924.0,92400.0,🚀 Growing
DAGIFLO TAB. 5MG PS (SLK) 4'S,0.0,0.0,0.0,✅ Stable
DAPWIZ PLUS XR TAB. 10/1000MG CP 2X7'S,5941455.88,7714459.36,29.841229419345627,🚀 Growing
DAPWIZ PLUS XR TAB. 10/500MG CP 2X7'S,3797854.2600000002,6683598.76,75.9835502481867,🚀 Growing
DAPWIZ PLUS XR TAB. 5/1000MG CP 2X7'S,3209853.0999999996,3586701.86,11.740374037677933,✅ Stable
DAPWIZ PLUS XR TAB. 5/500MG CP 2X7'S,7110187.350000001,11287492.190000001,58.75098129446618,🚀 Growing
DAPWIZ TAB. 10MG CP (IQ) 2X14'S,912.6,0.0,-100.0,🔴 Critical
DAPWIZ TAB. 10MG CP 1X10'S,46990251.25,57885122.37,23.185385968754524,🚀 Growing
DAPWIZ TAB. 10MG CP DGDP 1X10'S,368319.72,1194167.3699999999,224.22031869485565,🚀 Growing
DAPWIZ TAB. 5MG CP 1X10'S,17739662.39,19076212.18,7.534245920899958,✅ Stable
DAPWIZ TAB. 5MG CP MSDS INST. 100X10'S,0.0,0.0,0.0,✅ Stable
DEPLAT TAB. 75MG CP (KEN),0.0,0.0,0.0,✅ Stable
DIPOF CAP. 3/25MG CP 2X10'S,11555155.46,15010834.74,29.905952299494192,🚀 Growing
DIPOF CAP. 6/25MG CP 2X10'S,8645708.91,8575661.48,-0.8101988018470044,✅ Stable
DIU TANSIN TAB 50/12.5MG INST RIC 1X10'S,0.0,0.0,0.0,✅ Stable
DIU TANSIN TAB. 50/12.5MG CP 1X10'S,16576559.73,20273947.18,22.304914350282978,🚀 Growing
DIU TANSIN TAB. 50/12.5MG CP INST.1200'S,0.0,0.0,0.0,✅ Stable
DIU TANSIN TAB. 50/12.5MG CP MSDS 120X10,0.0,0.0,0.0,✅ Stable
DIU TANSIN TAB.50/12.5MGCPRICINST120X10S,0.0,0.0,0.0,✅ Stable
DUZALTA CAP. 20MG (SLK) 14'S,0.0,1644.9499999999998,164494.99999999997,🚀 Growing
DUZALTA CAP. 20MG CP 2X7'S,48771274.91,60865456.79,24.797756265994654,🚀 Growing
DUZALTA CAP. 30MG (SLK) 14'S,0.0,2151.6600000000003,215166.00000000003,🚀 Growing
DUZALTA CAP. 30MG CP 2X7'S,77956355.83,94924661.33,21.766417015442475,🚀 Growing
DUZALTA CAP. 30MG CP SPC (SLK) 2X7'S,0.0,0.0,0.0,✅ Stable
DUZALTA CAP. 60MG (SLK) 10'S,0.0,3357.88,335788.0,🚀 Growing
DUZALTA CAP. 60MG CP 1X10'S,21269449.98,21815435.380000003,2.5669935071823713,✅ Stable
DUZALTA CAP. 60MG PS (SLK) 4'S,0.0,0.0,0.0,✅ Stable
EGLARO TAB. 15MG CP 2X7'S,2155155.16,1710918.55,-20.612743724679206,⚠️ Declining
EGLARO TAB. 5MG CP 2X7'S,1306559.28,1042188.85,-20.234093779503066,⚠️ Declining
EGLARO-S TAB. 15/100MG CP 2X7'S,46950468.52,81702125.45,74.01769998354001,🚀 Growing
EGLARO-S TAB. 5/100MG CP 2X7'S,16840950.03,25009551.31,48.50439711209093,🚀 Growing
EMGLIN TAB. 10MG CP (MLI) 2X7'S,0.0,0.0,0.0,✅ Stable
EMGLIN TAB. 10MG CP (SLK) 2X7'S,1511.84,0.0,-100.0,🔴 Critical
EMGLIN TAB. 10MG CP (SWL) 4X7'S,0.0,0.0,0.0,✅ Stable
EMGLIN TAB. 10MG CP (TJS) 14'S,0.0,235.44,23544.0,🚀 Growing
EMGLIN TAB. 10MG CP (TJS) 4X7'S,0.0,0.0,0.0,✅ Stable
EMGLIN TAB. 10MG PS (SLK) 4'S,0.0,0.0,0.0,✅ Stable
EMGLIN TAB. 25MG CP (GTM) 1X2'S,0.0,0.0,0.0,✅ Stable
EMGLIN TAB. 25MG CP (GTM) 28'S,0.0,0.0,0.0,✅ Stable
EMGLIN TAB. 25MG CP (MLI) 2X7'S,0.0,1550.13,155013.0,🚀 Growing
EMGLIN TAB. 25MG CP (SLK) 2X7'S,2017.4,0.0,-100.0,🔴 Critical
EMGLIN TAB. 25MG CP (SWL) 4X7'S,8229.17,0.0,-100.0,🔴 Critical
EMGLIN TAB. 25MG CP SPC (SLK) 2X7'S,0.0,0.0,0.0,✅ Stable
EMGLIN TAB. 25MG PS (SLK) 4'S,0.0,0.0,0.0,✅ Stable
EMPA Q TAB. 10MG CP (KEN) 20'S,0.0,0.0,0.0,✅ Stable
EMPA Q TAB. 25MG CP (KEN) 20'S,0.0,0.0,0.0,✅ Stable
EMPA-M TAB. 12.5/1000MG CP (KEN) 14'S,0.0,0.0,0.0,✅ Stable
EMPA-M TAB. 12.5/500MG CP (KEN) 14'S,0.0,20.4,2039.9999999999998,🚀 Growing
EMPAFLOZIN TAB. 10MG CP (SN) 4X7'S,1455.0,3300.0,126.8041237113402,🚀 Growing
EMPAFLOZIN TAB. 25MG CP (SN) 4X7'S,2548.0,2860.0,12.244897959183673,✅ Stable
ERLI PLUS TAB. 12.5/1000MG CP (IQ) 4X7'S,0.0,681.6,68160.0,🚀 Growing
ERLI PLUS TAB. 12.5/1000MG CP 2X7'S,13138187.76,24092339.509999998,83.37642869856504,🚀 Growing
ERLI PLUS TAB. 12.5/500MG CP 2X7'S,18928194.8,37964826.71,100.57288669704518,🚀 Growing
ERLI PLUS TAB. 12.5/850MG CP (IQ) 4X7'S,0.0,0.0,0.0,✅ Stable
ERLI PLUS TAB. 12.5/850MG CP 2X7'S,11696525.39,17942122.61,53.39703041502993,🚀 Growing
ERLI PLUS TAB. 5/1000MG CP (IQ) 4X7’S,0.0,0.0,0.0,✅ Stable
ERLI PLUS TAB. 5/1000MG CP 2X7'S,1325914.6300000001,2052333.36,54.78623687861411,🚀 Growing
ERLI PLUS TAB. 5/500MG CP 2X7'S,3574019.1,8874908.54,148.31732264665288,🚀 Growing
ERLI PLUS TAB. 5/850MG CP (IQ) 28'S,0.0,0.0,0.0,✅ Stable
ERLI PLUS TAB. 5/850MG CP 2X7'S,1002396.93,1765926.1099999999,76.17034301970575,🚀 Growing
ERLI PLUS XR TAB 25/1000MG CP (IQ) 4X7'S,0.0,0.0,0.0,✅ Stable
ERLI PLUS XR TAB. 10/1000MG CP 2X7'S,15809869.66,19302199.07,22.089552191792077,🚀 Growing
ERLI PLUS XR TAB. 12.5/1000MG CP (AFG),29.72,0.0,-100.0,🔴 Critical
ERLI PLUS XR TAB. 12.5/1000MG CP (GTM),0.0,0.0,0.0,✅ Stable
ERLI PLUS XR TAB. 12.5/1000MG CP 2X7'S,60575478.38,66405666.32,9.62466677262747,✅ Stable
ERLI PLUS XR TAB. 12.5/1000MG CP(GTM)2'S,0.0,0.0,0.0,✅ Stable
ERLI PLUS XR TAB. 25/1000MG CP (AFG),39234.8,0.0,-100.0,🔴 Critical
ERLI PLUS XR TAB. 25/1000MG CP 2X7'S,42084360.06,55849798.67,32.7091551121949,🚀 Growing
ERLI PLUS XR TAB. 5/1000MG CP 2X7'S,7647315.5600000005,8093953.989999999,5.840460309185917,✅ Stable
ERLI PLUS XR TAB.12.5/1000MG CP (IQ)4X7S,0.0,0.0,0.0,✅ Stable
ERLI TAB. 10MG CP (AFG) 2X7'S,0.0,0.0,0.0,✅ Stable
ERLI TAB. 10MG CP (IQ) 4X7’S,1197.3,0.0,-100.0,🔴 Critical
ERLI TAB. 10MG CP (KSV) 2X7'S,0.0,0.0,0.0,✅ Stable
ERLI TAB. 10MG CP 2X7'S,58184757.74,82692634.56,42.12078518830317,🚀 Growing
ERLI TAB. 25MG CP (AFG) 2X7'S,0.0,0.0,0.0,✅ Stable
ERLI TAB. 25MG CP (IQ) 4X7'S,0.0,0.0,0.0,✅ Stable
ERLI TAB. 25MG CP (KSV) 2X7'S,0.0,0.0,0.0,✅ Stable
ERLI TAB. 25MG CP 2X7'S,47005647.480000004,70036821.99,48.99661156630022,🚀 Growing
ERLINA PLUS XR TAB 5/2.5/1000MG CP 2X7'S,1436781.81,2964331.57,106.31744843707338,🚀 Growing
ERLINA PLUS XR TAB. 10/5/1000MG CP 2X7'S,3884074.36,14844292.950000001,282.1835416662827,🚀 Growing
ERLINA PLUS XR TAB. 12.5/2.5/1000MG CP,2182667.52,6283731.11,187.89227183808555,🚀 Growing
ERLINA PLUS XR TAB. 25/5/1000MG CP 2X7'S,3706685.13,20393736.55,450.18799371286235,🚀 Growing
ERLINA PLUS XR TAB25/5/1000MG CP(IQ)4X7,0.0,0.0,0.0,✅ Stable
ERLINA TAB. 10/5MG CP (IQ) 4X7’S,0.0,0.0,0.0,✅ Stable
ERLINA TAB. 10/5MG CP (SLK) 4X7'S,0.0,0.0,0.0,✅ Stable
ERLINA TAB. 10/5MG CP 2X7'S,49960685.64,66944344.93,33.99404766455483,🚀 Growing
ERLINA TAB. 25/5MG CP (IQ) 4X7’S,0.0,0.0,0.0,✅ Stable
ERLINA TAB. 25/5MG CP 2X7'S,60086243.31,103645798.63,72.49505530786027,🚀 Growing
ESTAR TAB. 10MG CP (AFG) 2X7'S,0.0,0.0,0.0,✅ Stable
ESTAR TAB. 10MG CP (CMB),0.0,0.0,0.0,✅ Stable
ESTAR TAB. 10MG CP (GTM) 2'S,0.0,0.0,0.0,✅ Stable
ESTAR TAB. 10MG CP (GTM) 28'S,0.0,0.0,0.0,✅ Stable
ESTAR TAB. 10MG CP (GTM) 98'S,3061.8,0.0,-100.0,🔴 Critical
ESTAR TAB. 10MG CP (IQ) 4X7'S,0.0,0.0,0.0,✅ Stable
ESTAR TAB. 10MG CP (KEN) 10'S,0.0,132.16000000000005,13216.000000000005,🚀 Growing
ESTAR TAB. 10MG CP (TJS) 14'S,0.0,0.0,0.0,✅ Stable
ESTAR TAB. 10MG CP 2X7'S,108442337.21000001,142018070.74,30.961831323295954,🚀 Growing
ESTAR TAB. 10MG DGH PUNJ. INST. GR 2X7'S,0.0,0.0,0.0,✅ Stable
ESTAR TAB. 10MG INST. PIMH GR. 2X7'S,0.0,0.0,0.0,✅ Stable
ESTAR TAB. 20MG CP (AFG) 2X7'S,86182.48000000001,76485.65000000001,-11.251509587563506,⚠️ Declining
ESTAR TAB. 20MG CP (GTM) 2'S,0.0,0.0,0.0,✅ Stable
ESTAR TAB. 20MG CP (GTM) 28'S,0.0,0.0,0.0,✅ Stable
ESTAR TAB. 20MG CP (IQ) 4X7'S,0.0,0.0,0.0,✅ Stable
ESTAR TAB. 20MG CP 2X7'S,32370866.59,44316037.63,36.90099246119689,🚀 Growing
ESTAR TAB. 5MG CP (AFG) 2X7'S,0.0,0.0,0.0,✅ Stable
ESTAR TAB. 5MG CP (CMB),0.0,0.0,0.0,✅ Stable
ESTAR TAB. 5MG CP 2X7'S,69946291.95,98685676.74,41.08778891459162,🚀 Growing
ESTOREX TAB. 10MG CP (AZN) 1X10'S,0.0,0.0,0.0,✅ Stable
EVO JOSHANDA SAC. CP 1X30'S,7142157.09,32698.16,-99.5421808903394,🔴 Critical
EVOCHECK BPM68 BLOOD PRESSURE MONITOR,0.0,0.0,0.0,✅ Stable
EVOCHECK GM700S BGM METER KIT,0.0,0.0,0.0,✅ Stable
EVOCHECK GM700S BGM TEST STRIPS 2X25'S,2081925.0,5471287.5,162.79945242984257,🚀 Growing
EVOCHECK GO BGM METER KIT,0.0,968400.0,96840000.0,🚀 Growing
EVOCHECK GO BGM TEST STRIP 2X25'S,644072.0,161018.0,-75.0,🔴 Critical
EVOCHECK GO TEST STRIP (FOIL PAC)1X50'S,0.0,0.0,0.0,✅ Stable
EVOCHECK INFRARED THERMOMETER,0.0,0.0,0.0,✅ Stable
EVOCHECK INFRARED THERMOMETER (MDI901),0.0,0.0,0.0,✅ Stable
EVOCHECK PREMIUM LINX CGM 1X1'S,0.0,0.0,0.0,✅ Stable
EVOCHECK PULSE OXIMETER,0.0,0.0,0.0,✅ Stable
EVOCHECK WEIGHING SCALE (BLACK),0.0,0.0,0.0,✅ Stable
EVOCHECK WEIGHING SCALE (WHITE),0.0,0.0,0.0,✅ Stable
EVOCIN TAB. 250MG CP 1X10'S,0.0,69160.0,6916000.0,🚀 Growing
EVOCIN TAB. 250MG CP 6X10'S,449540.0,269360.0,-40.08097165991903,🔴 Critical
EVOCIN TAB. 250MG PS,0.0,0.0,0.0,✅ Stable
EVOCIN TAB. 500MG CP 2X5'S,0.0,2920.0,292000.0,🚀 Growing
EVOCIN TAB. 500MG CP 60S,888394.0,0.0,-100.0,🔴 Critical
EVOCIN TAB. 500MG PS,0.0,0.0,0.0,✅ Stable
EVODOXIM SUSP. 40MG/5ML CP (VNM),0.0,0.0,0.0,✅ Stable
EVODOXIM SUSP. 40MG/5ML CP 1X50ML,116550.0,11900.0,-89.7897897897898,🔴 Critical
EVODOXIM SUSP. 40MG/5ML PS 25ML,0.0,0.0,0.0,✅ Stable
EVODOXIM TAB. 100MG CP 1X10'S,0.0,0.0,0.0,✅ Stable
EVODOXIM TAB. 100MG PS,0.0,0.0,0.0,✅ Stable
EVOFIX CAP. 400MG CP (AFG) 2X5'S,28971.56,0.0,-100.0,🔴 Critical
EVOFIX CAP. 400MG CP (CMB),0.0,0.0,0.0,✅ Stable
EVOFIX CAP. 400MG CP (GHN) 2X5'S,0.0,0.0,0.0,✅ Stable
EVOFIX CAP. 400MG CP (GTM) 1X1'S,224.95,0.0,-100.0,🔴 Critical
EVOFIX CAP. 400MG CP (GTM) 1X5'S,0.0,0.0,0.0,✅ Stable
EVOFIX CAP. 400MG CP (GTM) 2X5'S,2911.65,0.0,-100.0,🔴 Critical
EVOFIX CAP. 400MG CP (NIG) 2X5'S,0.0,0.0,0.0,✅ Stable
EVOFIX CAP. 400MG CP (QA) 10'S,0.0,0.0,0.0,✅ Stable
EVOFIX CAP. 400MG CP (SWL) 1X5'S,0.0,0.0,0.0,✅ Stable
EVOFIX CAP. 400MG CP 2X5'S,36271006.32,44082422.91,21.536255490360478,🚀 Growing
EVOFIX DS SUSP. 200MG/5ML CP (AFG) 30ML,0.0,0.0,0.0,✅ Stable
EVOFIX DS SUSP. 200MG/5ML CP 1X30ML,7852186.7700000005,504303.37,-93.57754234875388,🔴 Critical
EVOFIX SUSP. 100MG/5ML CP (AFG) 30ML,30097.08,0.0,-100.0,🔴 Critical
EVOFIX SUSP. 100MG/5ML CP (GTM) 1X30ML,0.0,0.0,0.0,✅ Stable
EVOFIX SUSP. 100MG/5ML CP (GTM) 60ML,0.0,0.0,0.0,✅ Stable
EVOFIX SUSP. 100MG/5ML CP (KEN) 1X60ML,177.29999999999998,0.0,-100.0,🔴 Critical
EVOFIX SUSP. 100MG/5ML CP (NIG) 1X60ML,0.0,0.0,0.0,✅ Stable
EVOFIX SUSP. 100MG/5ML CP (PHL) 60ML,0.0,0.0,0.0,✅ Stable
EVOFIX SUSP. 100MG/5ML CP (SLK) 30ML,0.0,0.0,0.0,✅ Stable
EVOFIX SUSP. 100MG/5ML CP (SWL) 30ML,0.0,0.0,0.0,✅ Stable
EVOFIX SUSP. 100MG/5ML CP (TJS) 60ML,0.0,0.0,0.0,✅ Stable
EVOFIX SUSP. 100MG/5ML CP 1X30ML,10602110.09,442125.06,-95.82983900141711,🔴 Critical
EVOFIX SUSP. 100MG/5ML CP 1X60ML,4241252.25,306774.86,-92.76688011188206,🔴 Critical
EVOGAB CAP. 75MG (GHN) 28'S,0.0,0.0,0.0,✅ Stable
EVOKALM TAB. 100MG CP 1X10'S,29590808.94,41753148.71,41.10174816329303,🚀 Growing
EVOKALM TAB. 100MG INST. PIMH GR. 1X10'S,0.0,0.0,0.0,✅ Stable
EVOKALM TAB. 200MG CP 1X10'S,4235620.76,5741324.7,35.5486013813947,🚀 Growing
EVOKALM TAB. 25MG CP 1X10'S,22148481.85,29255019.73,32.085891611573366,🚀 Growing
EVOKALM TAB. 25MG CP MSDS 100X10'S,0.0,0.0,0.0,✅ Stable
EVOKALM XR TAB. 200MG CP 1X10'S,8670423.71,10820375.28,24.796384143491853,🚀 Growing
EVOKALM XR TAB. 300MG CP 2X5'S,10160674.08,11756589.53,15.706787142610516,✅ Stable
EVOPRIDE PLUS TAB. 1/500MG CP 3X10'S,35576146.38,40469947.82,13.755850304099173,✅ Stable
EVOPRIDE PLUS TAB. 2/500MG CP 3X10'S,124979838.59,164479745.82999998,31.605023406679678,🚀 Growing
EVOPRIDE TAB. 1MG CP 3X10'S,10666487.59,10622461.67,-0.41274992942639266,✅ Stable
EVOPRIDE TAB. 1MG CP MSDS 180X10'S,0.0,0.0,0.0,✅ Stable
EVOPRIDE TAB. 2MG CP (VNM),0.0,0.0,0.0,✅ Stable
EVOPRIDE TAB. 2MG CP 3X10'S,51868615.92,54196478.0,4.487997296072824,✅ Stable
EVOPRIDE TAB. 2MG CP INST. 180X10'S,0.0,0.0,0.0,✅ Stable
EVOPRIDE TAB. 2MG CP MSDS 180X10'S,0.0,0.0,0.0,✅ Stable
EVOPRIDE TAB. 2MG CP PUNJAB INST. 3X10'S,0.0,32642.76,3264276.0,🚀 Growing
EVOPRIDE TAB. 2MG INST. CPEIC 180X10'S,0.0,0.0,0.0,✅ Stable
EVOPRIDE TAB. 2MG INST. RIC 3X10'S,0.0,0.0,0.0,✅ Stable
EVOPRIDE TAB. 3MG CP 3X10'S,25832545.01,27190936.240000002,5.258449097733713,✅ Stable
EVOPRIDE TAB. 3MG CP MSDS 180X10'S,0.0,0.0,0.0,✅ Stable
EVOPRIDE TAB. 3MG INST. DGDP CP,2330027.73,0.0,-100.0,🔴 Critical
EVOPRIDE TAB. 4MG CP 3X10'S,67008470.29,61091021.620000005,-8.830896518589954,✅ Stable
EVOROX INJ. 750MG CP (AFG),0.0,0.0,0.0,✅ Stable
EVOROX INJ. 750MG CP (KEN) 1X1'S,0.0,0.0,0.0,✅ Stable
EVOROX SUSP. 125MG/5ML CP (AFG) 1X50ML,13836.3,25711.92,85.82944862427094,🚀 Growing
EVOROX SUSP. 125MG/5ML CP (KEN),0.0,0.0,0.0,✅ Stable
EVOROX TAB. 250MG CP (AFG) 1X10'S,0.0,0.0,0.0,✅ Stable
EVOSART TAB. 20MG CP (SLK) 6X10'S,1117.04,4438.28,297.32507340829335,🚀 Growing
EVOSART TAB. 20MG PS (SLK) 4'S,0.0,0.0,0.0,✅ Stable
EVOSART TAB. 40MG CP (SLK) 6X10'S,1286.3,1012.7,-21.27031019202363,⚠️ Declining
EVOSART TAB. 40MG PS (SLK) 4'S,0.0,0.0,0.0,✅ Stable
EVOSART-D TAB. 40/12.50MG CP (SLK),0.0,0.0,0.0,✅ Stable
EVOSART-D TAB. 40/12.50MG PS (SLK) 4'S,0.0,0.0,0.0,✅ Stable
EVOTAXIME INJ. 1G CP (AFG),0.0,0.0,0.0,✅ Stable
EVOTAXIME INJ. 500MG CP (AFG),7794.15,0.0,-100.0,🔴 Critical
EVOZID INJ. 1G CP (AFG),0.0,0.0,0.0,✅ Stable
EVOZID INJ. 1G CP (MDV),1628.9,0.0,-100.0,🔴 Critical
EVOZID INJ. 500MG CP (AFG),0.0,0.0,0.0,✅ Stable
FASTESO TAB. 20MG CP (GTM) 2X7'S,786.01,0.0,-100.0,🔴 Critical
FASTESO TAB. 20MG CP (IQ) 28'S,0.0,0.0,0.0,✅ Stable
FASTESO TAB. 20MG CP 2X7'S,5711033.35,7556054.33,32.30625469907299,🚀 Growing
FASTESO TAB. 40MG CP (CMB),0.0,0.0,0.0,✅ Stable
FASTESO TAB. 40MG CP (GTM) 2X7'S,574.69,0.0,-100.0,🔴 Critical
FASTESO TAB. 40MG CP (IQ) 28'S,0.0,0.0,0.0,✅ Stable
FASTESO TAB. 40MG CP (MDV),764.4,0.0,-100.0,🔴 Critical
FASTESO TAB. 40MG CP 2X7'S,15985679.29,21820302.6,36.49906396939859,🚀 Growing
FASTESO TABLET 40MG CP MSDS INST.152X7'S,0.0,0.0,0.0,✅ Stable
FEMOVA SAC. CP (QA) 1X10'S,0.0,0.0,0.0,✅ Stable
FEMOVA SAC. CP (TJS) 10'S,0.0,0.0,0.0,✅ Stable
FEMOVA SAC. CP (TJS) 1X30'S,0.0,8712.0,871200.0,🚀 Growing
FEMOVA SAC. CP 1X10'S,100056134.01,137844979.06,37.76764455662781,🚀 Growing
FERFER GRO SAC. CP (QA) 30'S,0.0,0.0,0.0,✅ Stable
FERFER GRO SAC. CP (TJS) 30'S,0.0,0.0,0.0,✅ Stable
FERFER GRO SAC. CP (UZB) 1X30'S,1360.1,0.0,-100.0,🔴 Critical
FERFER GRO SAC. CP 1X30'S,27363083.87,2042.3,-99.99253629448455,🔴 Critical
FERFER SAC. CP (AFG) 1X30’S,74902.15,0.0,-100.0,🔴 Critical
FERFER SAC. CP (KEN) 1X30’S,0.0,0.0,0.0,✅ Stable
FERFER SAC. CP (QA) 30'S,3528.0,0.0,-100.0,🔴 Critical
FERFER SAC. CP (TJS) 30'S,0.0,0.0,0.0,✅ Stable
FERFER SAC. CP (UZB) 1X30'S,991.8,0.0,-100.0,🔴 Critical
FERFER SAC. CP 1X30'S,99902516.84,151466532.08,51.61433052040414,🚀 Growing
FINNO-Q SAC. 3G CP 1X10'S,15434782.24,34513507.68,123.60864664845441,🚀 Growing
FIXATON SUSP. 100MG/5ML CP (AZN) 1X30ML,0.0,0.0,0.0,✅ Stable
FLORACTIVA SAC. 250MG CP (GTM),3490.41,0.0,-100.0,🔴 Critical
FLORACTIVA SAC. 250MG CP (GTM) 1X2'S,0.0,0.0,0.0,✅ Stable
FLOW-Q CAP 0.4MG CP (KEN) 10'S,781.6,749.6,-4.094165813715455,✅ Stable
FORSONIDE CAP. 50/250 MCG CP 3X10'S,0.0,3583625.6100000003,358362561.00000006,🚀 Growing
FORSONIDE CAP. 50/500 MCG CP 3X10'S,0.0,5140632.85,514063284.99999994,🚀 Growing
FREEDEP TAB. 100MG CP 2X10'S,0.0,0.0,0.0,✅ Stable
FREEDEP TAB. 50MG CP,12480.0,60800.0,387.1794871794872,🚀 Growing
FREEDEP TAB. 50MG PS 2'S,0.0,0.0,0.0,✅ Stable
GABIN TAB. 400MG CP (GTM) 1X2'S,0.0,0.0,0.0,✅ Stable
GABIN TAB. 400MG CP (GTM) 3X10'S,2405.76,3282.72,36.452513966480424,🚀 Growing
GALVECTA PLUS TAB. 50/1000MG CP 2X7'S,18273677.32,16626447.26,-9.014223197413889,✅ Stable
GALVECTA PLUS TAB. 50/500MG CP 2X7'S,23417599.19,20237974.89,-13.577926046995428,⚠️ Declining
GALVECTA PLUS TAB. 50/850MG CP 2X7'S,35321410.39,32746723.84,-7.2893084437220885,✅ Stable
GALVECTA TAB. 50MG CP 1X10'S,7328318.3100000005,6363271.5200000005,-13.168734615186223,⚠️ Declining
GOURIC TAB. 40MG CP (CMB) 2X10'S,0.0,0.0,0.0,✅ Stable
GOURIC TAB. 40MG CP (IQ) 3X10'S,0.0,0.0,0.0,✅ Stable
GOURIC TAB. 40MG CP (MMR),741.8100000000001,701.5200000000001,-5.431309904153349,✅ Stable
GOURIC TAB. 40MG CP (QA) 20'S,0.0,0.0,0.0,✅ Stable
GOURIC TAB. 40MG CP (SLK) 2X10'S,0.0,2430.12,243012.0,🚀 Growing
GOURIC TAB. 40MG CP 2X10'S,187616942.46,232788005.08,24.076217226293668,🚀 Growing
GOURIC TAB. 40MG CP INST. 100X10S,0.0,0.0,0.0,✅ Stable
GOURIC TAB. 40MG PS (SLK) 4'S,0.0,0.0,0.0,✅ Stable
GOURIC TAB. 80MG CP (IQ) 3X10'S,0.0,564.0,56400.0,🚀 Growing
GOURIC TAB. 80MG CP (MMR),0.0,0.0,0.0,✅ Stable
GOURIC TAB. 80MG CP (QA) 20'S,0.0,0.0,0.0,✅ Stable
GOURIC TAB. 80MG CP 2X10'S,154460106.44,218096716.01,41.199382181391684,🚀 Growing
HISTALIS TAB. 10MG CP 1X10'S,12273229.73,14785277.38,20.467698440123634,🚀 Growing
HISTALIS TAB. 20MG CP 1X10'S,5512782.28,11612198.620000001,110.64134279578334,🚀 Growing
IBANDRO TAB. 150MG CP,5974.62,0.0,-100.0,🔴 Critical
IBANDRO TAB. 150MG CP (SLK),0.0,0.0,0.0,✅ Stable
INOSITA PLUS 50/500MG INST CPEIC 49X7'S,0.0,0.0,0.0,✅ Stable
INOSITA PLUS TAB 50/1000MG CP (MRT) 14'S,0.0,1527.31,152731.0,🚀 Growing
INOSITA PLUS TAB 50/1000MG CP(SLK) 4X7'S,0.0,0.0,0.0,✅ Stable
INOSITA PLUS TAB.  50/1000MG CP (MMR),0.0,0.0,0.0,✅ Stable
INOSITA PLUS TAB.  50/500MG CP (IQ) 28'S,0.0,0.0,0.0,✅ Stable
INOSITA PLUS TAB.  50/500MG CP (MMR),0.0,0.0,0.0,✅ Stable
INOSITA PLUS TAB. 50/1000MG CP (CMB),0.0,0.0,0.0,✅ Stable
INOSITA PLUS TAB. 50/1000MG CP (CMR)14'S,0.0,0.0,0.0,✅ Stable
INOSITA PLUS TAB. 50/1000MG CP (GTM) 28S,2863.78,0.0,-100.0,🔴 Critical
INOSITA PLUS TAB. 50/1000MG CP (IQ) 28'S,951.0,904.5,-4.889589905362776,✅ Stable
INOSITA PLUS TAB. 50/1000MG CP (KEN) 28',0.0,0.0,0.0,✅ Stable
INOSITA PLUS TAB. 50/1000MG CP 28S (AFG),0.0,0.0,0.0,✅ Stable
INOSITA PLUS TAB. 50/1000MG CP 4X7'S,147862031.28,206236272.57,39.478857949313024,🚀 Growing
INOSITA PLUS TAB. 50/500MG CP (CMB),0.0,0.0,0.0,✅ Stable
INOSITA PLUS TAB. 50/500MG CP (CMR) 14'S,0.0,0.0,0.0,✅ Stable
INOSITA PLUS TAB. 50/500MG CP (GTM) 28'S,2679.02,2908.48,8.565072302558399,✅ Stable
INOSITA PLUS TAB. 50/500MG CP (KEN) 28'S,0.0,0.0,0.0,✅ Stable
INOSITA PLUS TAB. 50/500MG CP 28'S (AFG),176021.28,481.92,-99.72621492128678,🔴 Critical
INOSITA PLUS TAB. 50/500MG CP 4X7'S,285379410.31,404187134.77,41.631498337929266,🚀 Growing
INOSITA PLUS TAB. 50/850MG CP 28'S (AFG),89637.24,0.0,-100.0,🔴 Critical
INOSITA PLUS TAB. 50/850MG CP 4X7'S,121304015.67,147442511.64000002,21.547923063905948,🚀 Growing
INOSITA PLUS TAB. 50/850MG CP DGDP 4X7'S,0.0,485760.0,48576000.0,🚀 Growing
INOSITA PLUS TAB.50/1000MG CP INST.7X49S,0.0,0.0,0.0,✅ Stable
INOSITA PLUS TAB.50/1000MG CP(GTM) 1X2'S,0.0,0.0,0.0,✅ Stable
INOSITA PLUS TAB.50/500MG CP (GTM) 1X2'S,0.0,0.0,0.0,✅ Stable
INOSITA PLUS TAB.50/500MG CP INST.7X49'S,0.0,0.0,0.0,✅ Stable
INOSITA PLUS XR TAB. 100/1000MG CP (AFG),103834.32,59774.38,-42.432925838008096,🔴 Critical
INOSITA PLUS XR TAB. 100/1000MG CP 2X7'S,45822228.95,58323841.54,27.28285567173396,🚀 Growing
INOSITA PLUS XR TAB. 50/1000MG CP (AFG),72708.0,0.0,-100.0,🔴 Critical
INOSITA PLUS XR TAB. 50/1000MG CP (IQ),0.0,0.0,0.0,✅ Stable
INOSITA PLUS XR TAB. 50/1000MG CP (TJS),0.0,766.3000000000001,76630.0,🚀 Growing
INOSITA PLUS XR TAB. 50/1000MG CP 2X7'S,50578053.98,70149743.86,38.69601208409325,🚀 Growing
INOSITA PLUS XR TAB. 50/1000MG CP(GTM)2S,0.0,0.0,0.0,✅ Stable
INOSITA PLUS XR TAB. 50/500MG CP (TJS),0.0,630.96,63096.0,🚀 Growing
INOSITA PLUS XR TAB. 50/500MG CP 2X7'S,94456414.64,108714780.49,15.09518004080786,✅ Stable
INOSITA PLUS XR TAB. 50/500MG CP(AFG)2X7,0.0,0.0,0.0,✅ Stable
INOSITA PLUS XR TAB.100/1000MG CP(GTM)2S,0.0,0.0,0.0,✅ Stable
INOSITA PLUS XR TAB.100/1000MG CP(IQ)4X7,0.0,0.0,0.0,✅ Stable
INOSITA PLUS XR TAB.100/1000MGCP(GTM)28S,0.0,0.0,0.0,✅ Stable
INOSITA PLUS XR TAB.50/1000MG CP(GTM)28S,4532.77,0.0,-100.0,🔴 Critical
INOSITA TAB. 100MG CP (GTM) 1X2'S,0.0,0.0,0.0,✅ Stable
INOSITA TAB. 100MG CP (GTM) 3X10'S,4196.28,0.0,-100.0,🔴 Critical
INOSITA TAB. 100MG CP (KEN) 28'S,4282.88,2955.45,-30.993863942020326,🔴 Critical
INOSITA TAB. 100MG CP (MLI) 4X7'S,0.0,4077.45,407745.0,🚀 Growing
INOSITA TAB. 100MG CP (MMR) 1X10'S,0.0,0.0,0.0,✅ Stable
INOSITA TAB. 100MG CP (SLK) 7X10'S,20179.73,4208.38,-79.14550888441025,🔴 Critical
INOSITA TAB. 100MG CP 4X7'S,1720307.1199999999,1086102.23,-36.86579463787838,🔴 Critical
INOSITA TAB. 100MG PS (SLK) 4'S,0.0,0.0,0.0,✅ Stable
INOSITA TAB. 25MG CP 1X10'S,2354365.73,3202613.08,36.02869933041372,🚀 Growing
INOSITA TAB. 50MG CP (KEN) 28'S,3302.88,0.0,-100.0,🔴 Critical
INOSITA TAB. 50MG CP (MMR),0.0,0.0,0.0,✅ Stable
INOSITA TAB. 50MG CP (SLK) 7X10'S,2446.7000000000003,0.0,-100.0,🔴 Critical
INOSITA TAB. 50MG CP 4X7'S,81741688.76,87533563.03,7.085581858976993,✅ Stable
INOSITA TAB. 50MG CP SPC (SLK) 7X10'S,0.0,0.0,0.0,✅ Stable
INOSITA TAB. 50MG PS (SLK) 4'S,0.0,0.0,0.0,✅ Stable
INURIC-G TAB. 80MG CP (GTM) 1X2'S,0.0,0.0,0.0,✅ Stable
INURIC-G TAB. 80MG CP (GTM) 3X10'S,0.0,0.0,0.0,✅ Stable
IPRAZYME INH. SOL. 0.025% CP 5X2ML,0.0,11707983.29,1170798329.0,🚀 Growing
IPRAZYME-S INH. SOL. 0.5/2.5MG CP 5X2ML,0.0,10245396.62,1024539661.9999999,🚀 Growing
ITIPSO TAB. 50MG CP 1X10'S,13156891.36,24236642.63,84.21253141669173,🚀 Growing
IVABRADINE TAB. 5MG CP SPC (SLK) 2X7'S,0.0,0.0,0.0,✅ Stable
IVADIN TAB. 5MG CP (IQ) 28'S,1787.24,0.0,-100.0,🔴 Critical
IVADIN TAB. 5MG CP (SLK) 2X7'S,0.0,0.0,0.0,✅ Stable
IVADIN TAB. 5MG CP 14'S,15295937.89,1056961.47,-93.08992048999487,🔴 Critical
IVADIN TAB. 7.5MG CP (IQ) 28'S,2689.2000000000003,0.0,-100.0,🔴 Critical
IVADIN TAB. 7.5MG CP 14'S,4042077.4099999997,943135.62,-76.66705695277616,🔴 Critical
K-1000 PLUS SAC. CP 1X10'S,0.0,22240617.97,2224061797.0,🚀 Growing
K-1000 TAB. CP (QA) 30'S,0.0,0.0,0.0,✅ Stable
K-1000 TAB. CP 1X30'S,107516407.92,130981012.96,21.824208503561017,🚀 Growing
KALSOB TAB. CP (AFG) 1X30’S,190408.5,49284.64,-74.11636560342632,🔴 Critical
KALSOB TAB. CP (GTM) 1X2'S,0.0,0.0,0.0,✅ Stable
KALSOB TAB. CP (GTM) 1X30'S,0.0,0.0,0.0,✅ Stable
KALSOB TAB. CP (KEN) 1X30’S,0.0,0.0,0.0,✅ Stable
KALSOB TAB. CP 1X30'S,108646964.59,163527013.61,50.51227084631432,🚀 Growing
KLEVRA SOLN. 500MG/5ML CP (GTM) 30ML,0.0,0.0,0.0,✅ Stable
KLEVRA SOLN. 500MG/5ML CP (GTM) 60ML,0.0,0.0,0.0,✅ Stable
KLEVRA SOLN. 500MG/5ML CP 1X60ML,17543583.99,23468874.82,33.77468841815601,🚀 Growing
KLEVRA TAB. 250MG CP 3X10'S,17202834.29,19368097.75,12.586666961377798,✅ Stable
KLEVRA TAB. 500MG CP (PHL) 10X10'S,0.0,0.0,0.0,✅ Stable
KLEVRA TAB. 500MG CP (PHL) 30'S,0.0,0.0,0.0,✅ Stable
KLEVRA TAB. 500MG CP (ZM) 30'S,0.0,0.0,0.0,✅ Stable
KLEVRA TAB. 500MG CP 3X10'S,4787820.42,2706617.08,-43.468700941795134,🔴 Critical
KLEVRA XR TAB. 500MG CP (GTM) 2'S,0.0,0.0,0.0,✅ Stable
KLEVRA XR TAB. 500MG CP (GTM) 5X6'S,2592.0,0.0,-100.0,🔴 Critical
KLEVRA XR TAB. 500MG CP 2X5'S,4243440.8,4306152.87,1.4778589582303185,✅ Stable
LEVE Q TAB. 250MG CP (KEN) 30'S,0.0,0.0,0.0,✅ Stable
LEVE Q TAB. 500MG CP (KEN) 30'S,0.0,0.0,0.0,✅ Stable
LINENTA TAB. 5MG CP (IQ) 30'S,0.0,0.0,0.0,✅ Stable
LOWPLAT PLUS TAB. 75/150MG CP (AFG),23854.500000000004,0.0,-100.0,🔴 Critical
LOWPLAT PLUS TAB. 75/150MG CP 1X10'S,10697289.91,9198713.85,-14.008931912737143,⚠️ Declining
LOWPLAT PLUS TAB. 75/75MG CP (AFG) 1X10',0.0,12309.23,1230923.0,🚀 Growing
LOWPLAT PLUS TAB. 75/75MG CP 1X10'S,67371553.17,89422306.62,32.730065454122595,🚀 Growing
LOWPLAT PLUS TAB. 75/75MG CP DGDP 1X10'S,0.0,307522.5,30752250.0,🚀 Growing
LOWPLAT PLUS TAB. 75MG CP (MMR),0.0,438.75,43875.0,🚀 Growing
LOWPLAT PLUS TAB.75MG CP INST.63X10'S,0.0,0.0,0.0,✅ Stable
LOWPLAT PLUS TAB.75MG CP INST.72X10'S,0.0,0.0,0.0,✅ Stable
LOWPLAT PLUS TAB.75MG CP RIC INST63X10'S,0.0,0.0,0.0,✅ Stable
LOWPLAT TAB. 75MG CP (AFG) 1X10'S,0.0,0.0,0.0,✅ Stable
LOWPLAT TAB. 75MG CP (MMR),0.0,342.29999999999995,34229.99999999999,🚀 Growing
LOWPLAT TAB. 75MG CP 1X10'S,60519886.38,64145422.64,5.9906527868137704,✅ Stable
LOWPLAT TAB. 75MG CP CPEIC INST.10X100'S,0.0,0.0,0.0,✅ Stable
LOWPLAT TAB. 75MG CP DGDP 1X10'S,914883.2000000001,168704.0,-81.56005050699369,🔴 Critical
LOWPLAT TAB. 75MG CP INST. 100X10'S,0.0,0.0,0.0,✅ Stable
LOWPLAT TAB. 75MG CP INST. 100X10'S PIC,0.0,0.0,0.0,✅ Stable
LOWPLAT TAB. 75MG CP WIC INST.100X10'S,0.0,0.0,0.0,✅ Stable
MALSAR TAB. 50MG CP (PHL) 100'S,0.0,0.0,0.0,✅ Stable
MC-510-E2-INFRARED THERMOMETER,0.0,0.0,0.0,✅ Stable
MOKZIA TAB. 400MG CP (AFG) 1X5'S,27136.0,0.0,-100.0,🔴 Critical
MOMIST NASAL SPRAY 50MCG CP 1X1'S,0.0,36491566.35,3649156635.0,🚀 Growing
MONKAST SAC. 4MG CP (SN) 1X28'S,0.0,0.0,0.0,✅ Stable
MONKAST TAB. 10MG CP (SN) 3X10'S,0.0,0.0,0.0,✅ Stable
MONKAST TAB. 5MG CP (SN) 3X10'S,0.0,0.0,0.0,✅ Stable
NE-C801S-KDE(V) NEB-NE-C801KD,0.0,0.0,0.0,✅ Stable
NE-C802-E (V) NEBULIZER COMP AIR BASIC,0.0,0.0,0.0,✅ Stable
NE-C803-E COMPL.AIR BASIC COMPS NEBULIZR,0.0,0.0,0.0,✅ Stable
NEO Q 10 CAP. 100MG CP 2X10’S,35008075.48,15402256.07,-56.003705262806406,🔴 Critical
NISE TAB. 100MG CP (AFG) 2X10'S,0.0,0.0,0.0,✅ Stable
NISE TAB. 100MG CP 2X10'S,59058072.56,81408647.72,37.84508059807226,🚀 Growing
NUCARD TAB. 160MG CP (NIG)  4X7'S,143.56,0.0,-100.0,🔴 Critical
NUCARD TAB. 80MG CP (NIG),242.49,0.0,-100.0,🔴 Critical
NUVAL COMPOSITUM TAB.160/10MG CP (GTM),0.0,1584.24,158424.0,🚀 Growing
NUVAL COMPOSITUMTAB.160/10MGCP(GTM)1X2'S,0.0,0.0,0.0,✅ Stable
OMRON BODY COMP MONITOR BF-508,0.0,0.0,0.0,✅ Stable
OMRON ECO TEMP BASIC MC-246,0.0,0.0,0.0,✅ Stable
OMRON EVOLV BPM HEM-7600T-E,0.0,0.0,0.0,✅ Stable
OMRON M1 BASIC BPM HEM-7121,0.0,0.0,0.0,✅ Stable
OMRON M1 LIMITED EDITION PACK (DH),0.0,0.0,0.0,✅ Stable
OMRON M3 COMFORT BPM HEM-7155,0.0,0.0,0.0,✅ Stable
OMRON M7 INTELLI IT BPM HEM-7361,0.0,0.0,0.0,✅ Stable
OMRON NEBULIZER NE-C101-E ESSENTIAL,0.0,0.0,0.0,✅ Stable
OMRON RS1 BPM HEM-6160,0.0,0.0,0.0,✅ Stable
OMRON WEIGH SCALE HN-289 MIDNIGHT BLACK,0.0,0.0,0.0,✅ Stable
ONITA SAC. 2G CP 1X7'S,65014561.97,17573153.95,-72.97043398045369,🔴 Critical
"OPT-D CAP. 100,000IU CP 1X2'S",7522326.99,9316917.22,23.85684951459416,🚀 Growing
"OPT-D CAP. 200,000IU CP 1X1'S",68109391.94,123448535.13,81.25038502582761,🚀 Growing
"OPT-D CAP. 25,000IU CP 1X4'S",6296634.42,9376118.7,48.90682981718985,🚀 Growing
"OPT-D ORAL / IM INJ. 200,000 IU CP (AFG)",0.0,0.0,0.0,✅ Stable
"OPT-D ORAL / IM INJ. 200,000 IU CP 1X1'S",30832144.61,46439275.58,50.61967361471843,🚀 Growing
ORSLIM CAP. 120MG CP (CMB),0.0,0.0,0.0,✅ Stable
ORSLIM CAP. 120MG CP (MMR),0.0,4890.0,489000.0,🚀 Growing
ORSLIM CAP. 120MG CP (QA) 30'S,0.0,4365.0,436500.0,🚀 Growing
ORSLIM CAP. 120MG CP (SLK) 3X10'S,8489.64,3153.62,-62.85331297911336,🔴 Critical
ORSLIM CAP. 120MG CP (TJS) 30'S,0.0,0.0,0.0,✅ Stable
ORSLIM CAP. 120MG CP 3X10'S,15434796.540000001,33081020.42,114.32754448216396,🚀 Growing
ORSLIM CAP. 120MG PS (SLK) 4'S,0.0,0.0,0.0,✅ Stable
OXABAN TAB. 10MG CP (SN) 2X10'S,0.0,2588.85,258885.0,🚀 Growing
OXABAN TAB. 15MG CP (SN) 4X7'S,0.0,2928.0,292800.0,🚀 Growing
OXABAN TAB. 20MG CP (SN) 4X7'S,0.0,6600.0,660000.0,🚀 Growing
OXIVORT TAB. 10MG CP (IQ) 4X7'S,0.0,0.0,0.0,✅ Stable
OXIVORT TAB. 10MG CP 2X7'S,5383947.38,651085.8,-87.90690632641362,🔴 Critical
OXIVORT TAB. 15MG CP (IQ) 4X7'S,0.0,0.0,0.0,✅ Stable
OXIVORT TAB. 20MG CP 2X7'S,1468364.61,11434.45,-99.22127992447327,🔴 Critical
OXIVORT TAB. 5MG CP (IQ) 4X7'S,0.0,0.0,0.0,✅ Stable
PARIDOPA TAB. 100/25/200MG CP 3X10'S,11146663.82,123580.66,-98.89132154700616,🔴 Critical
PARIDOPA TAB. 125/31.25/200MG CP 3X10'S,25497.88,27970.2,9.696178662696662,✅ Stable
PARIDOPA TAB. 150/37.5/200MG CP 3X10'S,0.0,19220.6,1922059.9999999998,🚀 Growing
PARIDOPA TAB. 200/50/200MG CP 3X10'S,32947.76,27604.88,-16.216216216216218,⚠️ Declining
PARIDOPA TAB. 50/12.5/200MG CP 3X10'S,9180501.42,10440808.91,13.728089919515533,✅ Stable
PARIDOPA TAB. 75/18.75/200MG CP 2X7'S,276953.95,197376.05000000002,-28.733260529412917,⚠️ Declining
PEMBROLIZUMAB INJ. 100MG CP 1X1'S,0.0,0.0,0.0,✅ Stable
PERABACTUM INJ. 1G CP,0.0,0.0,0.0,✅ Stable
PERABACTUM INJ. 1G PS,0.0,19940.0,1994000.0,🚀 Growing
PERABACTUM INJ. 2G CP,0.0,0.0,0.0,✅ Stable
PERABACTUM INJ. 2G PS,0.0,0.0,0.0,✅ Stable
PHYTUS SYP. CP 1X120ML,12811133.52,7207531.69,-43.74009388983403,🔴 Critical
PREGAB-Q CAP 25MG CP (KEN) 20'S,0.0,0.0,0.0,✅ Stable
PREGAB-Q CAP 50MG CP (KEN) 20'S,0.0,0.0,0.0,✅ Stable
PREGAB-Q CAP 75MG CP (KEN) 20'S,0.0,0.0,0.0,✅ Stable
PRESUVAS TAB. 10MG CP (PHL) 100'S,0.0,0.0,0.0,✅ Stable
QSITA M TAB. 50/1000MG CP (KEN) 10'S,0.0,0.0,0.0,✅ Stable
QSITA M TAB. 50/500MG CP (KEN) 10'S,0.0,0.0,0.0,✅ Stable
QSITA TAB. 100MG CP (KEN) 14'S,1158.0,0.0,-100.0,🔴 Critical
QSITA TAB. 50MG CP (KEN) 14'S,838.1,0.0,-100.0,🔴 Critical
RAMIPACE TAB. 1.25MG CP (AFG) 2X14'S,39958.340000000004,5990.46,-85.00823607787511,🔴 Critical
RAMIPACE TAB. 1.25MG CP 2X14'S,34442361.23,35240856.53,2.3183523762142615,✅ Stable
RAMIPACE TAB. 10MG CP (AFG) 2X14'S,201353.45,0.0,-100.0,🔴 Critical
RAMIPACE TAB. 10MG CP 2X14'S,25056928.58,25905717.15,3.3874405926889564,✅ Stable
RAMIPACE TAB. 2.5MG CP (AFG) 2X14'S,31985.8,0.0,-100.0,🔴 Critical
RAMIPACE TAB. 2.5MG CP 2X14'S,125365498.04,139763948.76,11.485178095336815,✅ Stable
RAMIPACE TAB. 2.5MG CP DGDP 2X14'S,506635.50000000006,1210299.15,138.8895270860411,🚀 Growing
RAMIPACE TAB. 2.5MG CP MSDS 150X14'S,0.0,0.0,0.0,✅ Stable
RAMIPACE TAB. 5MG CP (AFG) 2X14'S,0.0,0.0,0.0,✅ Stable
RAMIPACE TAB. 5MG CP 2X14'S,102150168.13,110203374.27,7.883693475424533,✅ Stable
RAMIPACE TAB. 5MG CP MSDS 150X14'S,0.0,0.0,0.0,✅ Stable
RASTOR TAB. 10MG CP (GHN) 30'S,0.0,0.0,0.0,✅ Stable
RASTOR TAB. 20MG CP (GHN) 30'S,0.0,0.0,0.0,✅ Stable
REDEXA CAP. 30MG CP (AFG) 3X10'S,40811.04,12195.3,-70.11764463733343,🔴 Critical
REDEXA CAP. 30MG CP (TJS) 30'S,0.0,0.0,0.0,✅ Stable
REDEXA CAP. 30MG CP 3X10'S,15376533.77,10136310.49,-34.07935337301964,🔴 Critical
REDEXA CAP. 60MG CP (AFG) 3X10'S,24796.82,0.0,-100.0,🔴 Critical
REDEXA CAP. 60MG CP 3X10'S,26795432.73,17588802.4,-34.35895371710984,🔴 Critical
REESTATIN TAB. 10MG CP (PHL) 10X10'S,0.0,0.0,0.0,✅ Stable
REKLAIM SAC. CP (QA) 30'S,0.0,0.0,0.0,✅ Stable
REKLAIM SAC. CP (TJS) 1X30’S,0.0,1239.3,123930.0,🚀 Growing
REKLAIM SAC. CP (UZB) 30'S,0.0,704.85,70485.0,🚀 Growing
RETZOLE TAB. 2.5MG CP 1X10'S,321846.92,184817.1,-42.576085550236115,🔴 Critical
REVOLIC TAB. CP 2X15'S,11668572.88,7779670.88,-33.328000261845226,🔴 Critical
RITUXIM INJ. 500MG/50ML 1X1'S,0.0,0.0,0.0,✅ Stable
RITUXIM INJ.100MG/10ML 1X2'S,0.0,0.0,0.0,✅ Stable
RIVA Q TAB. 10MG CP (KEN) 10'S,0.0,0.0,0.0,✅ Stable
RIVA Q TAB. 15MG CP (KEN) 10'S,0.0,0.0,0.0,✅ Stable
RIVA Q TAB. 20MG CP (KEN) 10'S,0.0,0.0,0.0,✅ Stable
ROSANOVA TAB. 10MG CP (KEN) 3X10’S,0.0,0.0,0.0,✅ Stable
ROSANOVA TAB. 20MG CP (KEN),0.0,0.0,0.0,✅ Stable
ROSU Q TAB. 10MG CP (KEN) 30'S,0.0,0.0,0.0,✅ Stable
ROSU Q TAB. 20MG CP (KEN) 30'S,0.0,0.0,0.0,✅ Stable
ROSU Q TAB. 5MG CP (KEN) 30'S,1184.4,0.0,-100.0,🔴 Critical
ROSUNAV TAB. 10MG CP (PHL) 10X10'S,0.0,0.0,0.0,✅ Stable
ROSUVASTATIN TAB. 10MG CP (PHL) 10X10'S,0.0,0.0,0.0,✅ Stable
SACVIN TAB. 100MG CP (AFG) 30'S,0.0,186777.98,18677798.0,🚀 Growing
SACVIN TAB. 100MG CP (SLK) 30'S,7813.4400000000005,12734.220000000001,62.97840643813737,🚀 Growing
SACVIN TAB. 100MG CP 3X10'S,3676125.46,6528744.0600000005,77.59851047085866,🚀 Growing
SACVIN TAB. 100MG PS (SLK) 4'S,0.0,0.0,0.0,✅ Stable
SACVIN TAB. 200MG CP (SLK) 3X10'S,15345.4,11091.86,-27.71866487677088,⚠️ Declining
SACVIN TAB. 200MG CP 3X10'S,0.0,40400.0,4040000.0,🚀 Growing
SACVIN TAB. 24/26MG CP (IQ) 3X10'S,0.0,0.0,0.0,✅ Stable
SACVIN TAB. 49/51MG CP (IQ) 3X10'S,4738.45,0.0,-100.0,🔴 Critical
SACVIN TAB. 50MG CP (AFG) 3X10'S,0.0,0.0,0.0,✅ Stable
SACVIN TAB. 50MG CP (SLK) 3X10'S,515.0,0.0,-100.0,🔴 Critical
SACVIN TAB. 50MG CP 3X10'S,91283511.18,38712878.27,-57.59050263342422,🔴 Critical
SACVIN TAB. 50MG PS (SLK) 4'S,0.0,0.0,0.0,✅ Stable
SARTAPINE TAB. 160/10MG CP (SN) 4X7'S,0.0,1892.8,189280.0,🚀 Growing
SARTAPINE TAB. 160/5MG CP (SN) 4X7'S,0.0,1783.6,178360.0,🚀 Growing
SARTAPINE TAB. 80/5MG CP (SN) 4X7'S,1617.0,924.0,-42.857142857142854,🔴 Critical
SCIFIX CAP. 400MG CP 1 X 5’S,0.0,0.0,0.0,✅ Stable
SCIFIX DS SUSP. 200MG/5ML CP 30ML,0.0,0.0,0.0,✅ Stable
SCIFIX SUSP. 100MG/5ML CP 30ML,0.0,0.0,0.0,✅ Stable
SECURIN TAB. 10MG CP (IQ) 30'S,0.0,0.0,0.0,✅ Stable
SECURIN TAB. 2.5MG CP (IQ) 30'S,0.0,0.0,0.0,✅ Stable
SECURIN TAB. 5MG CP (IQ) 30'S,0.0,0.0,0.0,✅ Stable
SETSPIN TAB. 16MG CP 3X10'S,0.0,332350.0,33235000.0,🚀 Growing
SETSPIN TAB. 16MG PS 2'S,0.0,0.0,0.0,✅ Stable
SETSPIN TAB. 24MG CP (BWA) 30'S,0.0,0.0,0.0,✅ Stable
SHEVIT TAB. CP (AFG) 1X30’S,0.0,30749.42,3074942.0,🚀 Growing
SHEVIT TAB. CP 1X30'S,47541441.73,59414963.99,24.975099256418797,🚀 Growing
SOVELPA TAB. 400/100MG CP (KSV) 28'S,19935.0,0.0,-100.0,🔴 Critical
SOVELPA TAB. 400/100MG CP (MLI) 28'S,4871.4,0.0,-100.0,🔴 Critical
SOVELPA TAB. 400/100MG CP (MMR) 4X7'S,63612.0,11936.0,-81.23624473369804,🔴 Critical
SOVELPA TAB. 400/100MG CP (TJS) 28'S,27446.1,9321.76,-66.03612170763788,🔴 Critical
SPARLIV TAB. CP (AFG) 1X30'S,0.0,0.0,0.0,✅ Stable
SPARLIV TAB. CP 1X30'S,32208317.41,40691621.31,26.33886083526399,🚀 Growing
SPECTRIX TAB. 250MG CP,0.0,0.0,0.0,✅ Stable
SPECTRIX TAB. 250MG CP 6X10'S,0.0,221850.0,22185000.0,🚀 Growing
SPECTRIX TAB. 250MG PS,0.0,0.0,0.0,✅ Stable
SPECTRIX TAB. 500MG CP (CMB),0.0,0.0,0.0,✅ Stable
SPECTRIX TAB. 500MG CP (IQ) 10'S,0.0,0.0,0.0,✅ Stable
SPECTRIX TAB. 500MG CP (KEN),0.0,0.0,0.0,✅ Stable
SPECTRIX TAB. 500MG CP 1X10'S,0.0,0.0,0.0,✅ Stable
SPECTRIX TAB. 500MG CP 6X10'S,0.0,322065.0,32206500.0,🚀 Growing
SPECTRIX TAB. 500MG PS 1'S,0.0,0.0,0.0,✅ Stable
SPEDICAM TAB. 8MG CP (MMR),0.0,0.0,0.0,✅ Stable
SPS JAR 100G CP,696960.0,239040.0,-65.70247933884298,🔴 Critical
SPS JAR 15G CP,59892.0,0.0,-100.0,🔴 Critical
STEVO SAC. 1GM CP 1X50'S,9686475.86,5406103.07,-44.189164892008506,🔴 Critical
STEVO TAB. 15MG CP 100'S,7789467.0,6841832.82,-12.165584371819017,⚠️ Declining
STEVO TAB. 15MG CP 200'S,6781549.02,8530290.85,25.786760883725062,🚀 Growing
SUPERCRAN SAC. CP (AFG) 1X10’S,0.0,26546.41,2654641.0,🚀 Growing
SUPERCRAN SAC. CP (GTM) 10'S,0.0,170.5,17050.0,🚀 Growing
SUPERCRAN SAC. CP (GTM) 1X2'S,0.0,98.0,9800.0,🚀 Growing
SUPERCRAN SAC. CP (TJS) 10'S,0.0,0.0,0.0,✅ Stable
SUPERCRAN SAC. CP 1X10'S,10799677.42,10801665.81,0.018411568444797088,✅ Stable
TANSIN 50MG TAB. DGH INST. CP 10'S GREEN,0.0,1298.14,129814.00000000001,🚀 Growing
TANSIN DS TAB. 100MG CP 1X10'S,6457109.9,6210968.34,-3.8119462702655955,✅ Stable
TANSIN TAB. 50MG CP 1X10'S,33995783.68,33521044.86,-1.3964638217159062,✅ Stable
TANSIN TAB. 50MG CP DGDP 1X10'S,0.0,108471.93,10847193.0,🚀 Growing
TANSIN TAB. 50MG CP INST. 150X10’S,0.0,58548.0,5854800.0,🚀 Growing
TANSIN TAB. 50MG INST.PUNJAB 150X10S FIC,0.0,0.0,0.0,✅ Stable
TANSIN TAB.50MGCP CPEIC INSTGREEN150X10S,0.0,0.0,0.0,✅ Stable
TANSIN TAB.50MGCP RIC INST.GREEN150X10'S,0.0,0.0,0.0,✅ Stable
TELMACE TAB. 40MG CP (KEN),0.0,0.0,0.0,✅ Stable
TELSARTA D TAB. 40/12.5MG CP (CMB),0.0,0.0,0.0,✅ Stable
TELSARTA TAB. 20MG CP 1X10'S,14484997.13,18005712.12,24.30594192323461,🚀 Growing
TELSARTA TAB. 40MG CP (MDV),0.0,0.0,0.0,✅ Stable
TELSARTA TAB. 40MG CP 1X10'S,42305432.11,52011806.99,22.94356633626169,🚀 Growing
TELSARTA TAB. 80MG CP (GTM) 2’S,0.0,0.0,0.0,✅ Stable
TELSARTA TAB. 80MG CP (GTM) 30'S,1934.0,0.0,-100.0,🔴 Critical
TELSARTA TAB. 80MG CP 2X5'S,15212205.92,18770688.88,23.392287605846445,🚀 Growing
TELSARTA-A TAB. 10/40MG CP 2X5'S,16433107.65,19434355.89,18.263424690703587,✅ Stable
TELSARTA-A TAB. 10/80MG CP 2X5'S,28275166.78,30558759.65,8.076319718174965,✅ Stable
TELSARTA-A TAB. 5/40MG CP 2X7'S,79114605.1,74830012.89,-5.415677932771472,✅ Stable
TELSARTA-A TAB. 5/80MG CP (IQ) 28'S,0.0,0.0,0.0,✅ Stable
TELSARTA-A TAB. 5/80MG CP 2X7'S,44397754.05,44328902.87,-0.15507806976555766,✅ Stable
TELSARTA-D TAB. 40/12.5MG CP 2X7'S,31828121.46,39200156.54,23.162017555025372,🚀 Growing
TELSARTA-D TAB. 80/12.5MG CP (GTM) 2'S,0.0,0.0,0.0,✅ Stable
TELSARTA-D TAB. 80/12.5MG CP (GTM) 28'S,0.0,0.0,0.0,✅ Stable
TELSARTA-D TAB. 80/12.5MG CP 2X7'S,25194986.19,27312107.31,8.402946141880768,✅ Stable
TENOVA PLUS TAB. 25MG CP (AFG) 3X10'S,0.0,0.0,0.0,✅ Stable
TENOVA PLUS TAB. 25MG CP (TJS) 30'S,0.0,0.0,0.0,✅ Stable
THEWRIL CAP. 4MG CP 1X20'S,26947656.03,42423817.44,57.430454777851025,🚀 Growing
TIOCAP CAP. 18MCG CP (AFG) 3X10'S,0.0,0.0,0.0,✅ Stable
TIOCAP CAP. 18MCG CP 1X6'S,18712649.36,10981417.08,-41.31554079416577,🔴 Critical
TIOCAP CAP. 18MCG CP 3X10'S,11369520.36,29295049.8,157.66302247072105,🚀 Growing
TRASZEPTIN 440MG INJ. 1X1'S,0.0,0.0,0.0,✅ Stable
TREATAN TAB. 16MG CP 2X14'S,23282598.659999996,24166857.37,3.797938206610846,✅ Stable
TREATAN TAB. 4MG CP 1X14'S,32128747.36,40482699.03,26.001485761006034,🚀 Growing
TREATAN TAB. 8MG CP 1X14'S,34874028.87,43220273.45,23.932550526675087,🚀 Growing
TREATAN-D TAB. 16/12.5MG CP 2X14'S,16488012.53,16112853.69,-2.275343006426014,✅ Stable
TRIXAFIN INJ. 1G IM CP (AZN) 1'S,0.0,0.0,0.0,✅ Stable
TRIXAFIN INJ. 1G IM CP (TJS) 1'S,0.0,0.0,0.0,✅ Stable
TRIXAFIN INJ. 1G IV CP (AFG),0.0,0.0,0.0,✅ Stable
TRIXAFIN INJ. 1G IV CP (GTM) 1X1'S,0.0,0.0,0.0,✅ Stable
TRIXAFIN INJ. 500MG IM CP (AZN) 1'S,0.0,0.0,0.0,✅ Stable
TRIXAFIN INJ. 500MG IV CP (AFG),0.0,0.0,0.0,✅ Stable
TROMIX TAB. 500MG CP (AZN) 1X6'S,0.0,0.0,0.0,✅ Stable
URITREAT CAP. 0.4MG CP 2X10'S,17586462.330000002,17557667.33,-0.1637338963327693,✅ Stable
UTFIX CAP 0.4MG CP (BWA) 20'S,0.0,0.0,0.0,✅ Stable
UTFIX CAP. 0.4MG CP (BWA) 30'S,1695.75,0.0,-100.0,🔴 Critical
UTFIX CAP. 0.4MG CP (IQ) 30'S,0.0,0.0,0.0,✅ Stable
VANZAK TAB. 10MG CP 1X10'S,0.0,4620434.26,462043426.0,🚀 Growing
VANZAK TAB. 20MG CP 1X10'S,0.0,31073920.919999998,3107392092.0,🚀 Growing
VAZCARE TAB 10MG CP (PHL) 100'S,0.0,0.0,0.0,✅ Stable
VERTEASE TAB. 8MG CP (KEN),0.0,0.0,0.0,✅ Stable
VIBLE TAB. CP (AFG) 1X30'S,0.0,79985.81,7998581.0,🚀 Growing
VIBLE TAB. CP 1X30'S,47965274.36,72399407.08,50.94129669020828,🚀 Growing
VOXAMINE TAB. 100MG CP 1X10'S,47136479.55,53849431.83,14.24152237096799,✅ Stable
VOXAMINE TAB. 50MG CP 1X10'S,25343525.51,28963569.080000002,14.28389893336509,✅ Stable
WINZITH TAB. 250MG CP 1X6'S,0.0,0.0,0.0,✅ Stable
WINZITH TAB. 250MG PS 2'S,0.0,0.0,0.0,✅ Stable
WINZITH TAB. 500MG CP 1X6'S,0.0,53126.0,5312600.0,🚀 Growing
WINZITH TAB. 500MG PS 1'S,0.0,0.0,0.0,✅ Stable
X-PLENDED EZ TAB. 10/10MG CP (AFG)1X10'S,0.0,0.0,0.0,✅ Stable
X-PLENDED EZ TAB. 10/10MG CP (IQ) 30'S,0.0,0.0,0.0,✅ Stable
X-PLENDED EZ TAB. 10/10MG CP 1X10'S,49764333.69,77146277.7,55.023230453706105,🚀 Growing
X-PLENDED EZ TAB. 20/10MG CP (AFG)1X10'S,39670.5,0.0,-100.0,🔴 Critical
X-PLENDED EZ TAB. 20/10MG CP (IQ) 3X10'S,0.0,0.0,0.0,✅ Stable
X-PLENDED EZ TAB. 20/10MG CP 1X10'S,38835376.95,70215185.4,80.80212145333637,🚀 Growing
X-PLENDED EZ TAB. 5/10MG CP (AFG) 1X10'S,0.0,0.0,0.0,✅ Stable
X-PLENDED EZ TAB. 5/10MG CP 1X10'S,16514640.83,24007424.41,45.37055124074412,🚀 Growing
X-PLENDED TAB. 10MG CP (AFG) 1X10'S,14172.7,4302.0,-69.64586846543001,🔴 Critical
X-PLENDED TAB. 10MG CP (CMB),0.0,0.0,0.0,✅ Stable
X-PLENDED TAB. 10MG CP (IQ) 30'S,983.0,0.0,-100.0,🔴 Critical
X-PLENDED TAB. 10MG CP (MDV) 60'S,3969.0,0.0,-100.0,🔴 Critical
X-PLENDED TAB. 10MG CP (NIG) 30'S,0.0,0.0,0.0,✅ Stable
X-PLENDED TAB. 10MG CP (PHL),0.0,0.0,0.0,✅ Stable
X-PLENDED TAB. 10MG CP (SLK) 60'S,1569.75,1833.0,16.77018633540373,✅ Stable
X-PLENDED TAB. 10MG CP (SWL) 30'S,5197.92,0.0,-100.0,🔴 Critical
X-PLENDED TAB. 10MG CP 1X10'S,124415046.29,189806028.86,52.55874150267938,🚀 Growing
X-PLENDED TAB. 10MG CP CPEIC INST 80X10S,0.0,0.0,0.0,✅ Stable
X-PLENDED TAB. 10MG CP GREEN 80X10'S,0.0,0.0,0.0,✅ Stable
X-PLENDED TAB. 10MG CP INST. 80X10'S,0.0,0.0,0.0,✅ Stable
X-PLENDED TAB. 10MG CP INST. GREEN 10'S,0.0,0.0,0.0,✅ Stable
X-PLENDED TAB. 10MG PS (SLK) 4'S,0.0,0.0,0.0,✅ Stable
X-PLENDED TAB. 20MG CP (AFG) 1X10'S,123638.40000000002,46455.36,-62.42643062349562,🔴 Critical
X-PLENDED TAB. 20MG CP (GTM) 1X2'S,0.0,0.0,0.0,✅ Stable
X-PLENDED TAB. 20MG CP (GTM) 3X10'S,53.24,0.0,-100.0,🔴 Critical
X-PLENDED TAB. 20MG CP (IQ) 3X10'S,0.0,0.0,0.0,✅ Stable
X-PLENDED TAB. 20MG CP (MDV) 60'S,5017.95,0.0,-100.0,🔴 Critical
X-PLENDED TAB. 20MG CP (SLK) 60'S,9656.7,10331.6,6.988929965723275,✅ Stable
X-PLENDED TAB. 20MG CP 1X10'S,169219378.75,280433799.56,65.72203587527945,🚀 Growing
X-PLENDED TAB. 20MG CP GREEN 80X10'S,0.0,0.0,0.0,✅ Stable
X-PLENDED TAB. 20MG CP INST. 80X10'S,0.0,0.0,0.0,✅ Stable
X-PLENDED TAB. 20MG PS (SLK) 4'S,0.0,0.0,0.0,✅ Stable
X-PLENDED TAB. 40MG CP (IQ) 3X10'S,0.0,0.0,0.0,✅ Stable
X-PLENDED TAB. 5MG CP (AFG) 1X10'S,30619.99,33434.1,9.190434092238425,✅ Stable
X-PLENDED TAB. 5MG CP (MDV) 30'S,0.0,0.0,0.0,✅ Stable
X-PLENDED TAB. 5MG CP (MMR),0.0,392.4,39240.0,🚀 Growing
X-PLENDED TAB. 5MG CP (SLK) 3X10'S,0.0,1430.6399999999999,143064.0,🚀 Growing
X-PLENDED TAB. 5MG CP (SWL) 3X10'S,2319.78,0.0,-100.0,🔴 Critical
X-PLENDED TAB. 5MG CP 1X10'S,47400185.38,65708879.8,38.62578653062642,🚀 Growing
X-PLENDED TAB. 5MG PS (SLK) 4'S,0.0,0.0,0.0,✅ Stable
XCEPT TAB. 10MG CP (AFG) 1X10'S,17762.5,0.0,-100.0,🔴 Critical
XCEPT TAB. 10MG CP (MLI) 10'S,0.0,3697.92,369792.0,🚀 Growing
XCEPT TAB. 10MG CP (SLK) 1X10'S,1129.62,484.0,-57.15373311379047,🔴 Critical
XCEPT TAB. 10MG CP 1X10'S,107896517.97,120046984.28,11.261221899096288,✅ Stable
XCEPT TAB. 10MG PS (SLK) 4'S,0.0,0.0,0.0,✅ Stable
XCEPT TAB. 15MG CP (AFG) 2X7'S,0.0,0.0,0.0,✅ Stable
XCEPT TAB. 15MG CP (AZN) 14'S,0.0,0.0,0.0,✅ Stable
XCEPT TAB. 15MG CP (SLK) 2X7'S,1751.71,1759.15,0.4247278373703441,✅ Stable
XCEPT TAB. 15MG CP 2X7'S,92233739.47,109364585.79,18.573296950159975,✅ Stable
XCEPT TAB. 15MG PS (SLK) 4'S,0.0,0.0,0.0,✅ Stable
XCEPT TAB. 2.5MG CP (AFG) 1X10'S,21486.66,0.0,-100.0,🔴 Critical
XCEPT TAB. 2.5MG CP 1X10'S,31235183.45,38308258.77,22.644577488466787,🚀 Growing
XCEPT TAB. 20MG 63X7'S RIC  INST GREEN,0.0,0.0,0.0,✅ Stable
XCEPT TAB. 20MG CP (AFG) 2X7'S,26445.4,0.0,-100.0,🔴 Critical
XCEPT TAB. 20MG CP (IQ) 28'S,0.0,0.0,0.0,✅ Stable
XCEPT TAB. 20MG CP (SLK) 2X7'S,1406.37,1979.5,40.75243357011314,🚀 Growing
XCEPT TAB. 20MG CP 2X7'S,106678805.63000001,113891100.26,6.7607568226952175,✅ Stable
XCEPT TAB. 20MG INST. RIC 2X7'S,0.0,0.0,0.0,✅ Stable
XCEPT TAB. 20MG PS (SLK) 4'S,0.0,0.0,0.0,✅ Stable
XILICA CAP. 100MG CP 2X7'S,10772773.39,19076605.240000002,77.08165343669224,🚀 Growing
XILICA CAP. 150MG CP (GTM) 2'S,0.0,1.75,175.0,🚀 Growing
XILICA CAP. 150MG CP (GTM) 28'S,0.0,0.0,0.0,✅ Stable
XILICA CAP. 150MG CP 2X7'S,7939000.85,8126027.9,2.3558008562248833,✅ Stable
XILICA CAP. 25MG CP 2X7'S,7413140.4,10258501.72,38.38267139794088,🚀 Growing
XILICA CAP. 50MG CP (IQ) 14'S,0.0,0.0,0.0,✅ Stable
XILICA CAP. 50MG CP 2X7'S,35379897.36,48475903.31,37.01538706216304,🚀 Growing
XILICA CAP. 75MG CP (COG) 2X7'S,0.0,0.0,0.0,✅ Stable
XILICA CAP. 75MG CP (GTM) 4X7'S,0.0,0.0,0.0,✅ Stable
XILICA CAP. 75MG CP (GTM)1X2'S,0.0,0.0,0.0,✅ Stable
XILICA CAP. 75MG CP (IQ) 14'S,0.0,0.0,0.0,✅ Stable
XILICA CAP. 75MG CP 2X7'S,45277654.72,60221160.78,33.0041521638248,🚀 Growing
XILICA CAP. 75MG CP PUNJAB INST.GR 2X7’S,0.0,0.0,0.0,✅ Stable
ZI-AD DISPERSIBLE TAB. 20MG CP (KEN) 10S,0.0,0.0,0.0,✅ Stable
ZI-AD SYP. CP (KEN) 60ML,0.0,0.0,0.0,✅ Stable
ZIBES 5MG TAB. CP (GTM) 2'S,0.0,0.0,0.0,✅ Stable
ZIBES 5MG TAB. CP (GTM) 30'S,0.0,0.0,0.0,✅ Stable
ZIBES TAB. 10MG CP 1X20'S,4663389.81,6491048.78,39.19164051181904,🚀 Growing
ZIBES TAB. 2.5MG CP (GTM) 1X2'S,0.0,0.0,0.0,✅ Stable
ZIBES TAB. 2.5MG CP (GTM) 2X14'S,848.32,0.0,-100.0,🔴 Critical
ZIBES TAB. 2.5MG CP 2X7'S,8189144.82,11605322.92,41.71593218936381,🚀 Growing
ZIBES TAB. 5MG CP 2X10'S,28156343.35,43712808.62,55.25030390709451,🚀 Growing
ZIBES TAB. 5MG CP FIC 100X10'S,0.0,0.0,0.0,✅ Stable
ZIBES TAB. 5MG CP INST. 100X10'S,0.0,0.0,0.0,✅ Stable
ZIBES TAB. 5MG INST. CPEIC 100X10'S,0.0,0.0,0.0,✅ Stable
ZIBES TAB. 5MG INST. PIC 2X10'S,0.0,0.0,0.0,✅ Stable
ZIBES TAB. 5MG INST. RIC 2X10'S,0.0,0.0,0.0,✅ Stable
ZIBES TAB. 5MG PUNJAB INST.GR CP 20'S,0.0,0.0,0.0,✅ Stable
ZIBES TAB.5MG CP PIC INST.GREEN 100X10'S,0.0,0.0,0.0,✅ Stable
ZIBES TAB.5MG CP RIC INST.GREEN 100X10'S,0.0,0.0,0.0,✅ Stable
ZILERO TAB. 2.5MG CP (SLK) 30’S,0.0,0.0,0.0,✅ Stable
ZILERO TAB. 2.5MG CP 3X10’S,4565659.49,10866479.7,138.00460204709657,🚀 Growing
ZILERO TAB. 2.5MG PS (SLK) 4’S,0.0,0.0,0.0,✅ Stable
ZILERO TAB. 5MG CP (SLK) 30’S,0.0,0.0,0.0,✅ Stable
ZILERO TAB. 5MG CP 3X10’S,4008881.74,7598368.66,89.53835889406903,🚀 Growing
ZILERO TAB. 5MG PS (SLK) 4’S,0.0,0.0,0.0,✅ Stable
ZILFOM TAB. 400MG CP (IQ) 1X5'S,0.0,0.0,0.0,✅ Stable
ZILFOM TAB. 400MG CP 1X5'S,16873607.43,19192661.85,13.743678876141791,✅ Stable
ZOLTAR CAP. 20MG CP 2X7'S,19351464.04,20855516.9,7.772294937949302,✅ Stable
ZOLTAR CAP. 40MG CP 2X7'S,18962678.71,22069486.25,16.38380097829543,✅ Stable
ZOLTAR INJ. 40MG CP 1X1'S,53366567.44,50667554.01,-5.057498654067453,✅ Stable
